conductor,video_id,clip_num,run,run_dir,fps,n_frames,kept_frames,longest_seg_s,disposition,source_verdict,verdict,preview,judged_at
Abbado,-E6oeFzIRU8,1,-E6oeFzIRU8(01)__r00,skeletons/Abbado/-E6oeFzIRU8(01)__r00,29.970,206,189,2.47,keep,,accept,,
Abbado,-K8gmmKd5HM,4,-K8gmmKd5HM(04)__r00,skeletons/Abbado/-K8gmmKd5HM(04)__r00,25.000,79,79,3.16,keep,,accept,,
Abbado,-K8gmmKd5HM,4,-K8gmmKd5HM(04)__r01,skeletons/Abbado/-K8gmmKd5HM(04)__r01,25.000,98,98,3.92,keep,,accept,,
Abbado,-Tm0Phjiouk,2,-Tm0Phjiouk(02)__r00,skeletons/Abbado/-Tm0Phjiouk(02)__r00,24.000,56,56,2.33,keep,,accept,,
Abbado,-Tm0Phjiouk,4,-Tm0Phjiouk(04)__r00,skeletons/Abbado/-Tm0Phjiouk(04)__r00,24.000,221,198,8.25,keep,,accept,,
Abbado,-Tm0Phjiouk,6,-Tm0Phjiouk(06)__r00,skeletons/Abbado/-Tm0Phjiouk(06)__r00,24.000,315,315,13.12,keep,,accept,,
Abbado,-Tm0Phjiouk,8,-Tm0Phjiouk(08)__r00,skeletons/Abbado/-Tm0Phjiouk(08)__r00,24.000,61,61,2.54,keep,,accept,,
Abbado,-Tm0Phjiouk,8,-Tm0Phjiouk(08)__r01,skeletons/Abbado/-Tm0Phjiouk(08)__r01,24.000,82,81,3.38,keep,,accept,,
Abbado,-Tm0Phjiouk,9,-Tm0Phjiouk(09)__r00,skeletons/Abbado/-Tm0Phjiouk(09)__r00,24.000,94,94,3.92,keep,,accept,,
Abbado,-nk7jFEKCHE,2,-nk7jFEKCHE(02)__r00,skeletons/Abbado/-nk7jFEKCHE(02)__r00,25.000,308,293,11.72,keep,,accept,,
Abbado,-nk7jFEKCHE,3,-nk7jFEKCHE(03)__r00,skeletons/Abbado/-nk7jFEKCHE(03)__r00,25.000,841,841,33.64,keep,,accept,,
Abbado,-nk7jFEKCHE,4,-nk7jFEKCHE(04)__r00,skeletons/Abbado/-nk7jFEKCHE(04)__r00,25.000,1377,1377,33.52,keep,,accept,,
Abbado,-nk7jFEKCHE,9,-nk7jFEKCHE(09)__r00,skeletons/Abbado/-nk7jFEKCHE(09)__r00,25.000,58,58,2.32,keep,,accept,,
Abbado,0Oo4z37OUEI,1,0Oo4z37OUEI(01)__r00,skeletons/Abbado/0Oo4z37OUEI(01)__r00,25.000,90,90,3.60,keep,,accept,,
Abbado,0Oo4z37OUEI,2,0Oo4z37OUEI(02)__r00,skeletons/Abbado/0Oo4z37OUEI(02)__r00,25.000,291,255,10.20,keep,,accept,,
Abbado,0Oo4z37OUEI,9,0Oo4z37OUEI(09)__r00,skeletons/Abbado/0Oo4z37OUEI(09)__r00,25.000,238,238,9.52,keep,,accept,,
Abbado,0T7eMctuJLQ,1,0T7eMctuJLQ(01)__r00,skeletons/Abbado/0T7eMctuJLQ(01)__r00,25.000,303,270,5.72,keep,,accept,,
Abbado,0T7eMctuJLQ,3,0T7eMctuJLQ(03)__r01,skeletons/Abbado/0T7eMctuJLQ(03)__r01,25.000,145,145,5.80,keep,,accept,,
Abbado,0T7eMctuJLQ,3,0T7eMctuJLQ(03)__r02,skeletons/Abbado/0T7eMctuJLQ(03)__r02,25.000,84,84,3.36,keep,,accept,,
Abbado,0T7eMctuJLQ,5,0T7eMctuJLQ(05)__r00,skeletons/Abbado/0T7eMctuJLQ(05)__r00,25.000,57,57,2.28,keep,,accept,,
Abbado,0x5ueaz3D9c,2,0x5ueaz3D9c(02)__r05,skeletons/Abbado/0x5ueaz3D9c(02)__r05,25.000,69,62,2.48,keep,,accept,,
Abbado,0x5ueaz3D9c,2,0x5ueaz3D9c(02)__r06,skeletons/Abbado/0x5ueaz3D9c(02)__r06,25.000,440,412,16.48,keep,,accept,,
Abbado,1Jw6wpNLM9E,2,1Jw6wpNLM9E(02)__r00,skeletons/Abbado/1Jw6wpNLM9E(02)__r00,25.000,176,172,6.88,keep,,accept,,
Abbado,1Jw6wpNLM9E,5,1Jw6wpNLM9E(05)__r00,skeletons/Abbado/1Jw6wpNLM9E(05)__r00,25.000,52,52,2.08,keep,,accept,,
Abbado,1Jw6wpNLM9E,5,1Jw6wpNLM9E(05)__r01,skeletons/Abbado/1Jw6wpNLM9E(05)__r01,25.000,178,178,7.12,keep,,accept,,
Abbado,1Jw6wpNLM9E,7,1Jw6wpNLM9E(07)__r00,skeletons/Abbado/1Jw6wpNLM9E(07)__r00,25.000,218,205,5.20,keep,,accept,,
Abbado,23cLITkT16k,1,23cLITkT16k(01)__r02,skeletons/Abbado/23cLITkT16k(01)__r02,29.970,250,62,2.07,keep,,accept,,
Abbado,23cLITkT16k,1,23cLITkT16k(01)__r03,skeletons/Abbado/23cLITkT16k(01)__r03,29.970,160,160,5.34,keep,,accept,,
Abbado,3Fi8XYhmVOI,1,3Fi8XYhmVOI(01)__r00,skeletons/Abbado/3Fi8XYhmVOI(01)__r00,29.970,198,194,3.27,keep,,accept,,
Abbado,3Fi8XYhmVOI,1,3Fi8XYhmVOI(01)__r01,skeletons/Abbado/3Fi8XYhmVOI(01)__r01,29.970,210,209,6.97,keep,,accept,,
Abbado,3Fi8XYhmVOI,3,3Fi8XYhmVOI(03)__r00,skeletons/Abbado/3Fi8XYhmVOI(03)__r00,29.970,82,82,2.74,keep,,accept,,
Abbado,3Fi8XYhmVOI,3,3Fi8XYhmVOI(03)__r01,skeletons/Abbado/3Fi8XYhmVOI(03)__r01,29.970,86,83,2.77,keep,,accept,,
Abbado,3nihShVyqVE,1,3nihShVyqVE(01)__r00,skeletons/Abbado/3nihShVyqVE(01)__r00,25.000,928,868,34.72,keep,,accept,,
Abbado,3nihShVyqVE,1,3nihShVyqVE(01)__r02,skeletons/Abbado/3nihShVyqVE(01)__r02,25.000,174,172,4.68,keep,,accept,,
Abbado,3pegLWxSBR8,3,3pegLWxSBR8(03)__r00,skeletons/Abbado/3pegLWxSBR8(03)__r00,29.970,268,175,3.10,keep,,accept,,
Abbado,3pegLWxSBR8,4,3pegLWxSBR8(04)__r00,skeletons/Abbado/3pegLWxSBR8(04)__r00,29.970,74,68,2.27,keep,,accept,,
Abbado,4QBeLJYmYkE,1,4QBeLJYmYkE(01)__r00,skeletons/Abbado/4QBeLJYmYkE(01)__r00,29.970,815,815,27.19,keep,,accept,,
Abbado,4QBeLJYmYkE,3,4QBeLJYmYkE(03)__r03,skeletons/Abbado/4QBeLJYmYkE(03)__r03,29.970,462,462,15.42,keep,,accept,,
Abbado,4USr2WgSOuo,6,4USr2WgSOuo(06)__r00,skeletons/Abbado/4USr2WgSOuo(06)__r00,25.000,447,248,2.56,keep,,accept,,
Abbado,4XbHLFkg_Mw,5,4XbHLFkg_Mw(05)__r00,skeletons/Abbado/4XbHLFkg_Mw(05)__r00,29.970,1126,1126,37.57,keep,,accept,,
Abbado,4XbHLFkg_Mw,6,4XbHLFkg_Mw(06)__r00,skeletons/Abbado/4XbHLFkg_Mw(06)__r00,29.970,298,298,9.94,keep,,accept,,
Abbado,4XbHLFkg_Mw,7,4XbHLFkg_Mw(07)__r00,skeletons/Abbado/4XbHLFkg_Mw(07)__r00,29.970,848,835,27.86,keep,,accept,,
Abbado,4dFx0TweiCI,14,4dFx0TweiCI(14)__r00,skeletons/Abbado/4dFx0TweiCI(14)__r00,29.970,223,148,2.67,keep,,accept,,
Abbado,4dFx0TweiCI,22,4dFx0TweiCI(22)__r00,skeletons/Abbado/4dFx0TweiCI(22)__r00,29.970,396,182,4.74,keep,,accept,,
Abbado,4ohJEUZMEfk,5,4ohJEUZMEfk(05)__r00,skeletons/Abbado/4ohJEUZMEfk(05)__r00,29.970,349,315,7.74,keep,,accept,,
Abbado,4ohJEUZMEfk,7,4ohJEUZMEfk(07)__r00,skeletons/Abbado/4ohJEUZMEfk(07)__r00,29.970,195,195,6.51,keep,,accept,,
Abbado,6OZ8pngQePI,1,6OZ8pngQePI(01)__r00,skeletons/Abbado/6OZ8pngQePI(01)__r00,30.000,1036,1036,34.53,keep,,accept,,
Abbado,6OZ8pngQePI,2,6OZ8pngQePI(02)__r00,skeletons/Abbado/6OZ8pngQePI(02)__r00,30.000,295,265,8.83,keep,,accept,,
Abbado,6OZ8pngQePI,3,6OZ8pngQePI(03)__r01,skeletons/Abbado/6OZ8pngQePI(03)__r01,30.000,194,188,6.27,keep,,accept,,
Abbado,6OZ8pngQePI,3,6OZ8pngQePI(03)__r02,skeletons/Abbado/6OZ8pngQePI(03)__r02,30.000,90,65,2.17,keep,,accept,,
Abbado,7howhcXJFq4,1,7howhcXJFq4(01)__r01,skeletons/Abbado/7howhcXJFq4(01)__r01,25.000,72,72,2.88,keep,,accept,,
Abbado,7howhcXJFq4,2,7howhcXJFq4(02)__r00,skeletons/Abbado/7howhcXJFq4(02)__r00,25.000,64,52,2.08,keep,,accept,,
Abbado,7howhcXJFq4,2,7howhcXJFq4(02)__r01,skeletons/Abbado/7howhcXJFq4(02)__r01,25.000,190,190,7.60,keep,,accept,,
Abbado,81AFdWXLNCU,1,81AFdWXLNCU(01)__r00,skeletons/Abbado/81AFdWXLNCU(01)__r00,29.970,154,154,5.14,keep,,accept,,
Abbado,81AFdWXLNCU,3,81AFdWXLNCU(03)__r00,skeletons/Abbado/81AFdWXLNCU(03)__r00,29.970,348,348,11.61,keep,,accept,,
Abbado,81AFdWXLNCU,4,81AFdWXLNCU(04)__r00,skeletons/Abbado/81AFdWXLNCU(04)__r00,29.970,175,175,5.84,keep,,accept,,
Abbado,8AXxjU9mlyQ,2,8AXxjU9mlyQ(02)__r00,skeletons/Abbado/8AXxjU9mlyQ(02)__r00,25.000,160,160,6.40,keep,,accept,,
Abbado,8NdeNCsF2K8,1,8NdeNCsF2K8(01)__r00,skeletons/Abbado/8NdeNCsF2K8(01)__r00,25.000,174,167,4.00,keep,,accept,,
Abbado,8NdeNCsF2K8,4,8NdeNCsF2K8(04)__r00,skeletons/Abbado/8NdeNCsF2K8(04)__r00,25.000,139,139,5.56,keep,,accept,,
Abbado,9U3tja1CmCw,2,9U3tja1CmCw(02)__r00,skeletons/Abbado/9U3tja1CmCw(02)__r00,25.000,466,466,18.64,keep,,accept,,
Abbado,9U3tja1CmCw,3,9U3tja1CmCw(03)__r00,skeletons/Abbado/9U3tja1CmCw(03)__r00,25.000,349,286,4.56,keep,,accept,,
Abbado,9U3tja1CmCw,4,9U3tja1CmCw(04)__r00,skeletons/Abbado/9U3tja1CmCw(04)__r00,25.000,90,88,3.52,keep,,accept,,
Abbado,A6QoP6-bnR8,1,A6QoP6-bnR8(01)__r00,skeletons/Abbado/A6QoP6-bnR8(01)__r00,25.000,699,531,10.48,keep,,accept,,
Abbado,AF1YYXDHkzc,3,AF1YYXDHkzc(03)__r00,skeletons/Abbado/AF1YYXDHkzc(03)__r00,25.000,128,128,5.12,keep,,accept,,
Abbado,AF1YYXDHkzc,9,AF1YYXDHkzc(09)__r00,skeletons/Abbado/AF1YYXDHkzc(09)__r00,25.000,142,142,5.68,keep,,accept,,
Abbado,AUnKeRz5n0c,1,AUnKeRz5n0c(01)__r00,skeletons/Abbado/AUnKeRz5n0c(01)__r00,25.000,302,302,12.08,keep,,accept,,
Abbado,AUnKeRz5n0c,2,AUnKeRz5n0c(02)__r00,skeletons/Abbado/AUnKeRz5n0c(02)__r00,25.000,215,109,2.08,keep,,accept,,
Abbado,AUnKeRz5n0c,3,AUnKeRz5n0c(03)__r00,skeletons/Abbado/AUnKeRz5n0c(03)__r00,25.000,259,224,5.32,keep,,accept,,
Abbado,AUnKeRz5n0c,4,AUnKeRz5n0c(04)__r00,skeletons/Abbado/AUnKeRz5n0c(04)__r00,25.000,188,170,6.80,keep,,accept,,
Abbado,AiwhbZf3oZM,3,AiwhbZf3oZM(03)__r00,skeletons/Abbado/AiwhbZf3oZM(03)__r00,29.970,99,98,3.27,keep,,accept,,
Abbado,AiwhbZf3oZM,5,AiwhbZf3oZM(05)__r00,skeletons/Abbado/AiwhbZf3oZM(05)__r00,29.970,689,659,17.35,keep,,accept,,
Abbado,AiwhbZf3oZM,8,AiwhbZf3oZM(08)__r00,skeletons/Abbado/AiwhbZf3oZM(08)__r00,29.970,609,603,15.02,keep,,accept,,
Abbado,AiwhbZf3oZM,10,AiwhbZf3oZM(10)__r00,skeletons/Abbado/AiwhbZf3oZM(10)__r00,29.970,453,451,12.75,keep,,accept,,
Abbado,D_JyDU1423Y,5,D_JyDU1423Y(05)__r00,skeletons/Abbado/D_JyDU1423Y(05)__r00,25.000,138,136,4.36,keep,,accept,,
Abbado,D_JyDU1423Y,6,D_JyDU1423Y(06)__r00,skeletons/Abbado/D_JyDU1423Y(06)__r00,25.000,99,93,3.72,keep,,accept,,
Abbado,D_JyDU1423Y,6,D_JyDU1423Y(06)__r01,skeletons/Abbado/D_JyDU1423Y(06)__r01,25.000,56,56,2.24,keep,,accept,,
Abbado,GmX0UbZlqZk,2,GmX0UbZlqZk(02)__r00,skeletons/Abbado/GmX0UbZlqZk(02)__r00,25.000,260,189,3.36,keep,,accept,,
Abbado,GmX0UbZlqZk,10,GmX0UbZlqZk(10)__r00,skeletons/Abbado/GmX0UbZlqZk(10)__r00,25.000,216,175,3.92,keep,,accept,,
Abbado,GmX0UbZlqZk,103,GmX0UbZlqZk(103)__r00,skeletons/Abbado/GmX0UbZlqZk(103)__r00,25.000,119,119,4.76,keep,,accept,,
Abbado,Hon8xK1OjUQ,2,Hon8xK1OjUQ(02)__r01,skeletons/Abbado/Hon8xK1OjUQ(02)__r01,25.000,147,147,5.88,keep,,accept,,
Abbado,I6OjCv5lG6s,1,I6OjCv5lG6s(01)__r00,skeletons/Abbado/I6OjCv5lG6s(01)__r00,25.000,429,424,15.84,keep,,accept,,
Abbado,IzS4KmEqUpE,1,IzS4KmEqUpE(01)__r00,skeletons/Abbado/IzS4KmEqUpE(01)__r00,25.000,68,64,2.56,keep,,accept,,
Abbado,K1BHmPhZwpY,6,K1BHmPhZwpY(06)__r00,skeletons/Abbado/K1BHmPhZwpY(06)__r00,29.970,92,92,3.07,keep,,accept,,
Abbado,K1BHmPhZwpY,6,K1BHmPhZwpY(06)__r01,skeletons/Abbado/K1BHmPhZwpY(06)__r01,29.970,177,144,4.80,keep,,accept,,
Abbado,K1BHmPhZwpY,8,K1BHmPhZwpY(08)__r00,skeletons/Abbado/K1BHmPhZwpY(08)__r00,29.970,210,186,2.80,keep,,accept,,
Abbado,KcnBPqOddSM,1,KcnBPqOddSM(01)__r00,skeletons/Abbado/KcnBPqOddSM(01)__r00,25.000,322,322,12.88,keep,,accept,,
Abbado,KcnBPqOddSM,2,KcnBPqOddSM(02)__r00,skeletons/Abbado/KcnBPqOddSM(02)__r00,25.000,285,285,9.80,keep,,accept,,
Abbado,KcnBPqOddSM,3,KcnBPqOddSM(03)__r00,skeletons/Abbado/KcnBPqOddSM(03)__r00,25.000,236,236,9.44,keep,,accept,,
Abbado,KcnBPqOddSM,3,KcnBPqOddSM(03)__r01,skeletons/Abbado/KcnBPqOddSM(03)__r01,25.000,73,73,2.92,keep,,accept,,
Abbado,O-D7bBpuzLs,2,O-D7bBpuzLs(02)__r00,skeletons/Abbado/O-D7bBpuzLs(02)__r00,25.000,129,104,4.16,keep,,accept,,
Abbado,P13jkI_KjPE,3,P13jkI_KjPE(03)__r00,skeletons/Abbado/P13jkI_KjPE(03)__r00,29.970,62,62,2.07,keep,,accept,,
Abbado,QAMxkietiik,5,QAMxkietiik(05)__r00,skeletons/Abbado/QAMxkietiik(05)__r00,25.000,166,166,6.64,keep,,accept,,
Abbado,QAMxkietiik,8,QAMxkietiik(08)__r00,skeletons/Abbado/QAMxkietiik(08)__r00,25.000,73,73,2.92,keep,,accept,,
Abbado,QAMxkietiik,8,QAMxkietiik(08)__r01,skeletons/Abbado/QAMxkietiik(08)__r01,25.000,76,76,3.04,keep,,accept,,
Abbado,QTcc0eNyHug,4,QTcc0eNyHug(04)__r00,skeletons/Abbado/QTcc0eNyHug(04)__r00,25.000,211,211,8.44,keep,,accept,,
Abbado,QTcc0eNyHug,4,QTcc0eNyHug(04)__r01,skeletons/Abbado/QTcc0eNyHug(04)__r01,25.000,95,95,3.80,keep,,accept,,
Abbado,QTcc0eNyHug,6,QTcc0eNyHug(06)__r03,skeletons/Abbado/QTcc0eNyHug(06)__r03,25.000,95,95,3.80,keep,,accept,,
Abbado,QVoviGYThxw,3,QVoviGYThxw(03)__r00,skeletons/Abbado/QVoviGYThxw(03)__r00,25.000,178,139,4.52,keep,,accept,,
Abbado,QdxvC7NNSLQ,4,QdxvC7NNSLQ(04)__r00,skeletons/Abbado/QdxvC7NNSLQ(04)__r00,29.970,213,213,7.11,keep,,accept,,
Abbado,QydpBLUyx6c,1,QydpBLUyx6c(01)__r00,skeletons/Abbado/QydpBLUyx6c(01)__r00,25.000,182,182,7.28,keep,,accept,,
Abbado,QydpBLUyx6c,3,QydpBLUyx6c(03)__r00,skeletons/Abbado/QydpBLUyx6c(03)__r00,25.000,173,173,6.92,keep,,accept,,
Abbado,QydpBLUyx6c,4,QydpBLUyx6c(04)__r00,skeletons/Abbado/QydpBLUyx6c(04)__r00,25.000,63,63,2.52,keep,,accept,,
Abbado,QydpBLUyx6c,4,QydpBLUyx6c(04)__r01,skeletons/Abbado/QydpBLUyx6c(04)__r01,25.000,59,59,2.36,keep,,accept,,
Abbado,RbLlA4Ee4hU,1,RbLlA4Ee4hU(01)__r00,skeletons/Abbado/RbLlA4Ee4hU(01)__r00,25.000,81,81,3.24,keep,,accept,,
Abbado,RbLlA4Ee4hU,2,RbLlA4Ee4hU(02)__r00,skeletons/Abbado/RbLlA4Ee4hU(02)__r00,25.000,53,53,2.12,keep,,accept,,
Abbado,RbLlA4Ee4hU,4,RbLlA4Ee4hU(04)__r00,skeletons/Abbado/RbLlA4Ee4hU(04)__r00,25.000,91,91,3.64,keep,,accept,,
Abbado,RbLlA4Ee4hU,7,RbLlA4Ee4hU(07)__r00,skeletons/Abbado/RbLlA4Ee4hU(07)__r00,25.000,152,152,6.08,keep,,accept,,
Abbado,SExR2h20HlQ,1,SExR2h20HlQ(01)__r00,skeletons/Abbado/SExR2h20HlQ(01)__r00,29.970,183,183,4.10,keep,,accept,,
Abbado,SExR2h20HlQ,2,SExR2h20HlQ(02)__r00,skeletons/Abbado/SExR2h20HlQ(02)__r00,29.970,167,167,5.57,keep,,accept,,
Abbado,SgSNgzA37To,1,SgSNgzA37To(01)__r00,skeletons/Abbado/SgSNgzA37To(01)__r00,29.970,539,532,11.95,keep,,accept,,
Abbado,SgSNgzA37To,2,SgSNgzA37To(02)__r00,skeletons/Abbado/SgSNgzA37To(02)__r00,29.970,85,84,2.80,keep,,accept,,
Abbado,SgSNgzA37To,3,SgSNgzA37To(03)__r00,skeletons/Abbado/SgSNgzA37To(03)__r00,29.970,142,142,4.74,keep,,accept,,
Abbado,SgSNgzA37To,5,SgSNgzA37To(05)__r00,skeletons/Abbado/SgSNgzA37To(05)__r00,29.970,199,198,6.61,keep,,accept,,
Abbado,T4Zxjk7eYS4,7,T4Zxjk7eYS4(07)__r02,skeletons/Abbado/T4Zxjk7eYS4(07)__r02,25.000,175,144,5.76,keep,,accept,,
Abbado,T4Zxjk7eYS4,10,T4Zxjk7eYS4(10)__r00,skeletons/Abbado/T4Zxjk7eYS4(10)__r00,25.000,250,202,3.92,keep,,accept,,
Abbado,TzJyIWxjX9o,2,TzJyIWxjX9o(02)__r00,skeletons/Abbado/TzJyIWxjX9o(02)__r00,29.970,217,216,7.21,keep,,accept,,
Abbado,TzJyIWxjX9o,5,TzJyIWxjX9o(05)__r00,skeletons/Abbado/TzJyIWxjX9o(05)__r00,29.970,132,131,4.37,keep,,accept,,
Abbado,TzJyIWxjX9o,9,TzJyIWxjX9o(09)__r00,skeletons/Abbado/TzJyIWxjX9o(09)__r00,29.970,81,81,2.70,keep,,accept,,
Abbado,V4bCIECG1WU,3,V4bCIECG1WU(03)__r00,skeletons/Abbado/V4bCIECG1WU(03)__r00,25.000,64,64,2.56,keep,,accept,,
Abbado,WLP6kqcmPRI,1,WLP6kqcmPRI(01)__r00,skeletons/Abbado/WLP6kqcmPRI(01)__r00,25.000,572,480,9.48,keep,,accept,,
Abbado,WLP6kqcmPRI,1,WLP6kqcmPRI(01)__r01,skeletons/Abbado/WLP6kqcmPRI(01)__r01,25.000,135,135,5.40,keep,,accept,,
Abbado,X60OGd4co-Y,1,X60OGd4co-Y(01)__r00,skeletons/Abbado/X60OGd4co-Y(01)__r00,25.000,178,166,6.64,keep,,accept,,
Abbado,YgIrf_zTJco,5,YgIrf_zTJco(05)__r00,skeletons/Abbado/YgIrf_zTJco(05)__r00,25.000,416,307,10.08,keep,,accept,,
Abbado,YnfhInZLmUQ,1,YnfhInZLmUQ(01)__r00,skeletons/Abbado/YnfhInZLmUQ(01)__r00,29.970,310,281,5.34,keep,,accept,,
Abbado,YnfhInZLmUQ,2,YnfhInZLmUQ(02)__r01,skeletons/Abbado/YnfhInZLmUQ(02)__r01,29.970,70,70,2.34,keep,,accept,,
Abbado,YnfhInZLmUQ,7,YnfhInZLmUQ(07)__r00,skeletons/Abbado/YnfhInZLmUQ(07)__r00,29.970,126,110,3.67,keep,,accept,,
Abbado,YnfhInZLmUQ,8,YnfhInZLmUQ(08)__r00,skeletons/Abbado/YnfhInZLmUQ(08)__r00,29.970,288,286,9.54,keep,,accept,,
Abbado,ZyQmdXnv3Pg,2,ZyQmdXnv3Pg(02)__r00,skeletons/Abbado/ZyQmdXnv3Pg(02)__r00,25.000,94,94,3.76,keep,,accept,,
Abbado,ZyQmdXnv3Pg,3,ZyQmdXnv3Pg(03)__r00,skeletons/Abbado/ZyQmdXnv3Pg(03)__r00,25.000,158,158,6.32,keep,,accept,,
Abbado,ZyQmdXnv3Pg,4,ZyQmdXnv3Pg(04)__r00,skeletons/Abbado/ZyQmdXnv3Pg(04)__r00,25.000,64,64,2.56,keep,,accept,,
Abbado,ZyQmdXnv3Pg,4,ZyQmdXnv3Pg(04)__r01,skeletons/Abbado/ZyQmdXnv3Pg(04)__r01,25.000,58,58,2.32,keep,,accept,,
Abbado,a7VdBXeRhdA,5,a7VdBXeRhdA(05)__r00,skeletons/Abbado/a7VdBXeRhdA(05)__r00,29.970,327,303,10.11,keep,,accept,,
Abbado,d-VkDduh3ZQ,1,d-VkDduh3ZQ(01)__r00,skeletons/Abbado/d-VkDduh3ZQ(01)__r00,30.000,74,74,2.47,keep,,accept,,
Abbado,dPYhMekVRe4,1,dPYhMekVRe4(01)__r00,skeletons/Abbado/dPYhMekVRe4(01)__r00,29.970,214,214,7.14,keep,,accept,,
Abbado,dPYhMekVRe4,8,dPYhMekVRe4(08)__r00,skeletons/Abbado/dPYhMekVRe4(08)__r00,29.970,319,319,10.64,keep,,accept,,
Abbado,dPYhMekVRe4,9,dPYhMekVRe4(09)__r00,skeletons/Abbado/dPYhMekVRe4(09)__r00,29.970,449,429,10.54,keep,,accept,,
Abbado,f2LLIXxWKJo,2,f2LLIXxWKJo(02)__r00,skeletons/Abbado/f2LLIXxWKJo(02)__r00,25.000,204,204,8.16,keep,,accept,,
Abbado,f2LLIXxWKJo,4,f2LLIXxWKJo(04)__r00,skeletons/Abbado/f2LLIXxWKJo(04)__r00,25.000,187,187,7.48,keep,,accept,,
Abbado,f2LLIXxWKJo,9,f2LLIXxWKJo(09)__r00,skeletons/Abbado/f2LLIXxWKJo(09)__r00,25.000,69,69,2.76,keep,,accept,,
Abbado,f2LLIXxWKJo,9,f2LLIXxWKJo(09)__r01,skeletons/Abbado/f2LLIXxWKJo(09)__r01,25.000,142,140,3.28,keep,,accept,,
Abbado,f8tH7lGIQa0,1,f8tH7lGIQa0(01)__r03,skeletons/Abbado/f8tH7lGIQa0(01)__r03,29.970,134,119,2.34,keep,,accept,,
Abbado,f8tH7lGIQa0,14,f8tH7lGIQa0(14)__r00,skeletons/Abbado/f8tH7lGIQa0(14)__r00,29.970,85,67,2.24,keep,,accept,,
Abbado,f8tH7lGIQa0,17,f8tH7lGIQa0(17)__r01,skeletons/Abbado/f8tH7lGIQa0(17)__r01,29.970,123,77,2.57,keep,,accept,,
Abbado,gIgqeA76cdU,19,gIgqeA76cdU(19)__r00,skeletons/Abbado/gIgqeA76cdU(19)__r00,25.000,214,60,2.40,keep,,accept,,
Abbado,gldZR3Bo46g,2,gldZR3Bo46g(02)__r00,skeletons/Abbado/gldZR3Bo46g(02)__r00,29.970,101,101,3.37,keep,,accept,,
Abbado,gldZR3Bo46g,6,gldZR3Bo46g(06)__r01,skeletons/Abbado/gldZR3Bo46g(06)__r01,29.970,145,145,4.84,keep,,accept,,
Abbado,gldZR3Bo46g,7,gldZR3Bo46g(07)__r00,skeletons/Abbado/gldZR3Bo46g(07)__r00,29.970,210,158,3.40,keep,,accept,,
Abbado,iwZF0JIRFqA,2,iwZF0JIRFqA(02)__r00,skeletons/Abbado/iwZF0JIRFqA(02)__r00,25.000,97,85,3.40,keep,,accept,,
Abbado,iwZF0JIRFqA,5,iwZF0JIRFqA(05)__r00,skeletons/Abbado/iwZF0JIRFqA(05)__r00,25.000,132,132,5.28,keep,,accept,,
Abbado,iwZF0JIRFqA,7,iwZF0JIRFqA(07)__r00,skeletons/Abbado/iwZF0JIRFqA(07)__r00,25.000,237,237,9.48,keep,,accept,,
Abbado,iwZF0JIRFqA,11,iwZF0JIRFqA(11)__r00,skeletons/Abbado/iwZF0JIRFqA(11)__r00,25.000,97,97,3.88,keep,,accept,,
Abbado,j8cHeS6ukx0,1,j8cHeS6ukx0(01)__r00,skeletons/Abbado/j8cHeS6ukx0(01)__r00,25.000,169,165,3.80,keep,,accept,,
Abbado,k7CasxTo-Go,9,k7CasxTo-Go(09)__r00,skeletons/Abbado/k7CasxTo-Go(09)__r00,30.000,144,74,2.47,keep,,accept,,
Abbado,k7CasxTo-Go,9,k7CasxTo-Go(09)__r01,skeletons/Abbado/k7CasxTo-Go(09)__r01,30.000,82,82,2.73,keep,,accept,,
Abbado,k7CasxTo-Go,10,k7CasxTo-Go(10)__r00,skeletons/Abbado/k7CasxTo-Go(10)__r00,30.000,79,79,2.63,keep,,accept,,
Abbado,lmJfL8FUThQ,33,lmJfL8FUThQ(33)__r00,skeletons/Abbado/lmJfL8FUThQ(33)__r00,29.970,116,116,2.54,keep,,accept,,
Abbado,lmJfL8FUThQ,37,lmJfL8FUThQ(37)__r00,skeletons/Abbado/lmJfL8FUThQ(37)__r00,29.970,217,163,2.50,keep,,accept,,
Abbado,mhYCaQkbkyw,3,mhYCaQkbkyw(03)__r00,skeletons/Abbado/mhYCaQkbkyw(03)__r00,25.000,199,171,4.24,keep,,accept,,
Abbado,msbZuhrNiEo,4,msbZuhrNiEo(04)__r00,skeletons/Abbado/msbZuhrNiEo(04)__r00,25.000,58,58,2.32,keep,,accept,,
Abbado,msbZuhrNiEo,4,msbZuhrNiEo(04)__r01,skeletons/Abbado/msbZuhrNiEo(04)__r01,25.000,91,91,3.64,keep,,accept,,
Abbado,msbZuhrNiEo,5,msbZuhrNiEo(05)__r00,skeletons/Abbado/msbZuhrNiEo(05)__r00,25.000,176,176,7.04,keep,,accept,,
Abbado,n-yWCUgTMMY,1,n-yWCUgTMMY(01)__r00,skeletons/Abbado/n-yWCUgTMMY(01)__r00,24.000,651,651,27.12,keep,,accept,,
Abbado,n-yWCUgTMMY,1,n-yWCUgTMMY(01)__r02,skeletons/Abbado/n-yWCUgTMMY(01)__r02,24.000,368,355,14.79,keep,,accept,,
Abbado,oFdSnt3eUac,2,oFdSnt3eUac(02)__r00,skeletons/Abbado/oFdSnt3eUac(02)__r00,25.000,105,105,4.20,keep,,accept,,
Abbado,oFdSnt3eUac,2,oFdSnt3eUac(02)__r01,skeletons/Abbado/oFdSnt3eUac(02)__r01,25.000,50,50,2.00,keep,,accept,,
Abbado,oG8T8twoVhg,3,oG8T8twoVhg(03)__r00,skeletons/Abbado/oG8T8twoVhg(03)__r00,29.970,232,226,7.54,keep,,accept,,
Abbado,oG8T8twoVhg,6,oG8T8twoVhg(06)__r00,skeletons/Abbado/oG8T8twoVhg(06)__r00,29.970,88,88,2.94,keep,,accept,,
Abbado,oG8T8twoVhg,6,oG8T8twoVhg(06)__r01,skeletons/Abbado/oG8T8twoVhg(06)__r01,29.970,123,123,4.10,keep,,accept,,
Abbado,oaDl9js_OR4,1,oaDl9js_OR4(01)__r00,skeletons/Abbado/oaDl9js_OR4(01)__r00,25.000,164,164,6.56,keep,,accept,,
Abbado,oaDl9js_OR4,5,oaDl9js_OR4(05)__r00,skeletons/Abbado/oaDl9js_OR4(05)__r00,25.000,158,158,6.32,keep,,accept,,
Abbado,oaDl9js_OR4,10,oaDl9js_OR4(10)__r00,skeletons/Abbado/oaDl9js_OR4(10)__r00,25.000,271,271,10.84,keep,,accept,,
Abbado,pBnz4O5L6bQ,1,pBnz4O5L6bQ(01)__r00,skeletons/Abbado/pBnz4O5L6bQ(01)__r00,25.000,167,162,4.44,keep,,accept,,
Abbado,p_4bvVETpQM,11,p_4bvVETpQM(11)__r00,skeletons/Abbado/p_4bvVETpQM(11)__r00,29.970,226,226,7.54,keep,,accept,,
Abbado,p_4bvVETpQM,16,p_4bvVETpQM(16)__r00,skeletons/Abbado/p_4bvVETpQM(16)__r00,29.970,81,81,2.70,keep,,accept,,
Abbado,rwDJW-34pdE,3,rwDJW-34pdE(03)__r00,skeletons/Abbado/rwDJW-34pdE(03)__r00,30.000,153,153,5.10,keep,,accept,,
Abbado,rwDJW-34pdE,4,rwDJW-34pdE(04)__r00,skeletons/Abbado/rwDJW-34pdE(04)__r00,30.000,191,168,4.47,keep,,accept,,
Abbado,t3VTlfeTWMY,3,t3VTlfeTWMY(03)__r00,skeletons/Abbado/t3VTlfeTWMY(03)__r00,25.000,147,147,5.88,keep,,accept,,
Abbado,t3VTlfeTWMY,5,t3VTlfeTWMY(05)__r00,skeletons/Abbado/t3VTlfeTWMY(05)__r00,25.000,413,407,16.28,keep,,accept,,
Abbado,tp_WeHUKoXM,18,tp_WeHUKoXM(18)__r00,skeletons/Abbado/tp_WeHUKoXM(18)__r00,25.000,150,136,5.44,keep,,accept,,
Abbado,uEX8xV6PxW8,5,uEX8xV6PxW8(05)__r00,skeletons/Abbado/uEX8xV6PxW8(05)__r00,25.000,1033,1026,22.28,keep,,accept,,
Abbado,vOvXhyldUko,7,vOvXhyldUko(07)__r00,skeletons/Abbado/vOvXhyldUko(07)__r00,29.970,478,243,5.57,keep,,accept,,
Abbado,vOvXhyldUko,107,vOvXhyldUko(107)__r00,skeletons/Abbado/vOvXhyldUko(107)__r00,29.970,208,197,4.40,keep,,accept,,
Abbado,xSK0on-c0M0,7,xSK0on-c0M0(07)__r00,skeletons/Abbado/xSK0on-c0M0(07)__r00,29.970,127,127,4.24,keep,,accept,,
Abbado,xSK0on-c0M0,8,xSK0on-c0M0(08)__r00,skeletons/Abbado/xSK0on-c0M0(08)__r00,29.970,71,71,2.37,keep,,accept,,
Abbado,xSK0on-c0M0,12,xSK0on-c0M0(12)__r00,skeletons/Abbado/xSK0on-c0M0(12)__r00,29.970,95,95,3.17,keep,,accept,,
Abbado,xX_0NhiMT_w,1,xX_0NhiMT_w(01)__r00,skeletons/Abbado/xX_0NhiMT_w(01)__r00,25.000,204,198,7.92,keep,,accept,,
Abbado,xX_0NhiMT_w,9,xX_0NhiMT_w(09)__r00,skeletons/Abbado/xX_0NhiMT_w(09)__r00,25.000,317,315,6.08,keep,,accept,,
Abbado,xX_0NhiMT_w,14,xX_0NhiMT_w(14)__r00,skeletons/Abbado/xX_0NhiMT_w(14)__r00,25.000,161,161,6.44,keep,,accept,,
Abbado,x_IbwlSXHpQ,4,x_IbwlSXHpQ(04)__r00,skeletons/Abbado/x_IbwlSXHpQ(04)__r00,25.000,87,87,3.48,keep,,accept,,
Abbado,x_IbwlSXHpQ,5,x_IbwlSXHpQ(05)__r02,skeletons/Abbado/x_IbwlSXHpQ(05)__r02,25.000,64,64,2.56,keep,,accept,,
Abbado,zJXxL8xE09c,2,zJXxL8xE09c(02)__r00,skeletons/Abbado/zJXxL8xE09c(02)__r00,25.000,196,180,4.04,keep,,accept,,
Abbado,zJXxL8xE09c,2,zJXxL8xE09c(02)__r01,skeletons/Abbado/zJXxL8xE09c(02)__r01,25.000,214,205,7.12,keep,,accept,,
Abbado,zJXxL8xE09c,2,zJXxL8xE09c(02)__r05,skeletons/Abbado/zJXxL8xE09c(02)__r05,25.000,302,288,9.32,keep,,accept,,
Bernstein,02jscWEtHZI,2,02jscWEtHZI(02)__r00,skeletons/Bernstein/02jscWEtHZI(02)__r00,25.000,206,206,8.24,keep,,accept,,
Bernstein,02jscWEtHZI,3,02jscWEtHZI(03)__r00,skeletons/Bernstein/02jscWEtHZI(03)__r00,25.000,202,200,8.00,keep,,accept,,
Bernstein,02jscWEtHZI,4,02jscWEtHZI(04)__r00,skeletons/Bernstein/02jscWEtHZI(04)__r00,25.000,209,209,3.68,keep,,accept,,
Bernstein,1LzBXe9--oM,1,1LzBXe9--oM(01)__r00,skeletons/Bernstein/1LzBXe9--oM(01)__r00,29.970,473,375,5.24,keep,accept,,,
Bernstein,1LzBXe9--oM,2,1LzBXe9--oM(02)__r00,skeletons/Bernstein/1LzBXe9--oM(02)__r00,29.970,393,329,9.78,keep,accept,,,
Bernstein,1LzBXe9--oM,3,1LzBXe9--oM(03)__r00,skeletons/Bernstein/1LzBXe9--oM(03)__r00,29.970,82,78,2.60,keep,,accept,,
Bernstein,40vp0Veqglg,2,40vp0Veqglg(02)__r00,skeletons/Bernstein/40vp0Veqglg(02)__r00,29.970,241,179,4.77,keep,,accept,,
Bernstein,40vp0Veqglg,3,40vp0Veqglg(03)__r00,skeletons/Bernstein/40vp0Veqglg(03)__r00,29.970,131,130,4.34,keep,,accept,,
Bernstein,40vp0Veqglg,7,40vp0Veqglg(07)__r00,skeletons/Bernstein/40vp0Veqglg(07)__r00,29.970,265,168,2.47,keep,,accept,,
Bernstein,40vp0Veqglg,9,40vp0Veqglg(09)__r02,skeletons/Bernstein/40vp0Veqglg(09)__r02,29.970,114,114,3.80,keep,,accept,,
Bernstein,40vp0Veqglg,12,40vp0Veqglg(12)__r00,skeletons/Bernstein/40vp0Veqglg(12)__r00,29.970,314,245,8.17,keep,,accept,,
Bernstein,40vp0Veqglg,24,40vp0Veqglg(24)__r00,skeletons/Bernstein/40vp0Veqglg(24)__r00,29.970,153,118,3.94,keep,accept,,,
Bernstein,40vp0Veqglg,29,40vp0Veqglg(29)__r00,skeletons/Bernstein/40vp0Veqglg(29)__r00,29.970,685,685,21.25,keep,,accept,,
Bernstein,40vp0Veqglg,32,40vp0Veqglg(32)__r00,skeletons/Bernstein/40vp0Veqglg(32)__r00,29.970,176,176,5.87,keep,,accept,,
Bernstein,40vp0Veqglg,34,40vp0Veqglg(34)__r00,skeletons/Bernstein/40vp0Veqglg(34)__r00,29.970,134,134,4.47,keep,,accept,,
Bernstein,40vp0Veqglg,36,40vp0Veqglg(36)__r00,skeletons/Bernstein/40vp0Veqglg(36)__r00,29.970,750,350,5.21,keep,,accept,,
Bernstein,40vp0Veqglg,37,40vp0Veqglg(37)__r00,skeletons/Bernstein/40vp0Veqglg(37)__r00,29.970,62,62,2.07,keep,,accept,,
Bernstein,40vp0Veqglg,41,40vp0Veqglg(41)__r03,skeletons/Bernstein/40vp0Veqglg(41)__r03,29.970,262,224,4.94,keep,,accept,,
Bernstein,40vp0Veqglg,52,40vp0Veqglg(52)__r00,skeletons/Bernstein/40vp0Veqglg(52)__r00,29.970,138,107,3.57,keep,,accept,,
Bernstein,422-yb8TXj8,1,422-yb8TXj8(01)__r00,skeletons/Bernstein/422-yb8TXj8(01)__r00,30.000,298,188,2.43,keep,,accept,,
Bernstein,422-yb8TXj8,2,422-yb8TXj8(02)__r00,skeletons/Bernstein/422-yb8TXj8(02)__r00,30.000,81,81,2.70,keep,,accept,,
Bernstein,422-yb8TXj8,4,422-yb8TXj8(04)__r00,skeletons/Bernstein/422-yb8TXj8(04)__r00,30.000,172,166,5.53,keep,,accept,,
Bernstein,422-yb8TXj8,5,422-yb8TXj8(05)__r00,skeletons/Bernstein/422-yb8TXj8(05)__r00,30.000,119,112,3.73,keep,,accept,,
Bernstein,422-yb8TXj8,11,422-yb8TXj8(11)__r00,skeletons/Bernstein/422-yb8TXj8(11)__r00,30.000,87,87,2.90,keep,,accept,,
Bernstein,422-yb8TXj8,13,422-yb8TXj8(13)__r00,skeletons/Bernstein/422-yb8TXj8(13)__r00,30.000,78,78,2.60,keep,,accept,,
Bernstein,422-yb8TXj8,15,422-yb8TXj8(15)__r00,skeletons/Bernstein/422-yb8TXj8(15)__r00,30.000,426,423,6.47,keep,,accept,,
Bernstein,422-yb8TXj8,18,422-yb8TXj8(18)__r00,skeletons/Bernstein/422-yb8TXj8(18)__r00,30.000,157,157,5.23,keep,,accept,,
Bernstein,422-yb8TXj8,20,422-yb8TXj8(20)__r00,skeletons/Bernstein/422-yb8TXj8(20)__r00,30.000,185,180,6.00,keep,,accept,,
Bernstein,422-yb8TXj8,25,422-yb8TXj8(25)__r00,skeletons/Bernstein/422-yb8TXj8(25)__r00,30.000,293,273,9.10,keep,,accept,,
Bernstein,422-yb8TXj8,27,422-yb8TXj8(27)__r00,skeletons/Bernstein/422-yb8TXj8(27)__r00,30.000,450,417,13.90,keep,,accept,,
Bernstein,422-yb8TXj8,29,422-yb8TXj8(29)__r00,skeletons/Bernstein/422-yb8TXj8(29)__r00,30.000,92,80,2.67,keep,,accept,,
Bernstein,422-yb8TXj8,32,422-yb8TXj8(32)__r00,skeletons/Bernstein/422-yb8TXj8(32)__r00,30.000,205,205,6.83,keep,,accept,,
Bernstein,422-yb8TXj8,37,422-yb8TXj8(37)__r00,skeletons/Bernstein/422-yb8TXj8(37)__r00,30.000,84,84,2.80,keep,,accept,,
Bernstein,56qZblncQrs,2,56qZblncQrs(02)__r00,skeletons/Bernstein/56qZblncQrs(02)__r00,29.970,1152,1026,8.84,keep,,accept,,
Bernstein,56qZblncQrs,3,56qZblncQrs(03)__r00,skeletons/Bernstein/56qZblncQrs(03)__r00,29.970,311,310,10.34,keep,,accept,,
Bernstein,9KSESLJ0LWA,1,9KSESLJ0LWA(01)__r01,skeletons/Bernstein/9KSESLJ0LWA(01)__r01,29.970,78,78,2.60,keep,,accept,,
Bernstein,9KSESLJ0LWA,1,9KSESLJ0LWA(01)__r04,skeletons/Bernstein/9KSESLJ0LWA(01)__r04,29.970,101,76,2.54,keep,,accept,,
Bernstein,9KSESLJ0LWA,2,9KSESLJ0LWA(02)__r02,skeletons/Bernstein/9KSESLJ0LWA(02)__r02,29.970,238,186,4.34,keep,,accept,,
Bernstein,9KSESLJ0LWA,4,9KSESLJ0LWA(04)__r00,skeletons/Bernstein/9KSESLJ0LWA(04)__r00,29.970,154,125,4.17,keep,,accept,,
Bernstein,9KSESLJ0LWA,5,9KSESLJ0LWA(05)__r00,skeletons/Bernstein/9KSESLJ0LWA(05)__r00,29.970,184,112,2.24,keep,,accept,,
Bernstein,9KSESLJ0LWA,104,9KSESLJ0LWA(104)__r01,skeletons/Bernstein/9KSESLJ0LWA(104)__r01,29.970,95,67,2.24,keep,,accept,,
Bernstein,9KSESLJ0LWA,108,9KSESLJ0LWA(108)__r02,skeletons/Bernstein/9KSESLJ0LWA(108)__r02,29.970,578,364,4.37,keep,accept,,,
Bernstein,9KSESLJ0LWA,115,9KSESLJ0LWA(115)__r01,skeletons/Bernstein/9KSESLJ0LWA(115)__r01,29.970,145,61,2.04,keep,,accept,,
Bernstein,9KSESLJ0LWA,117,9KSESLJ0LWA(117)__r01,skeletons/Bernstein/9KSESLJ0LWA(117)__r01,29.970,253,137,2.87,keep,,accept,,
Bernstein,9KSESLJ0LWA,12,9KSESLJ0LWA(12)__r00,skeletons/Bernstein/9KSESLJ0LWA(12)__r00,29.970,179,160,3.50,keep,,accept,,
Bernstein,9KSESLJ0LWA,14,9KSESLJ0LWA(14)__r00,skeletons/Bernstein/9KSESLJ0LWA(14)__r00,29.970,85,85,2.84,keep,,accept,,
Bernstein,9KSESLJ0LWA,15,9KSESLJ0LWA(15)__r01,skeletons/Bernstein/9KSESLJ0LWA(15)__r01,29.970,482,392,7.57,keep,,accept,,
Bernstein,9KSESLJ0LWA,16,9KSESLJ0LWA(16)__r00,skeletons/Bernstein/9KSESLJ0LWA(16)__r00,29.970,77,77,2.57,keep,,accept,,
Bernstein,9KSESLJ0LWA,17,9KSESLJ0LWA(17)__r00,skeletons/Bernstein/9KSESLJ0LWA(17)__r00,29.970,74,74,2.47,keep,,accept,,
Bernstein,9KSESLJ0LWA,20,9KSESLJ0LWA(20)__r00,skeletons/Bernstein/9KSESLJ0LWA(20)__r00,29.970,118,118,3.94,keep,,accept,,
Bernstein,9KSESLJ0LWA,25,9KSESLJ0LWA(25)__r03,skeletons/Bernstein/9KSESLJ0LWA(25)__r03,29.970,124,124,4.14,keep,accept,,,
Bernstein,9KSESLJ0LWA,29,9KSESLJ0LWA(29)__r00,skeletons/Bernstein/9KSESLJ0LWA(29)__r00,29.970,338,290,9.68,keep,,accept,,
Bernstein,9KSESLJ0LWA,30,9KSESLJ0LWA(30)__r00,skeletons/Bernstein/9KSESLJ0LWA(30)__r00,29.970,93,93,3.10,keep,,accept,,
Bernstein,9KSESLJ0LWA,36,9KSESLJ0LWA(36)__r01,skeletons/Bernstein/9KSESLJ0LWA(36)__r01,29.970,184,144,3.74,keep,,accept,,
Bernstein,9KSESLJ0LWA,37,9KSESLJ0LWA(37)__r00,skeletons/Bernstein/9KSESLJ0LWA(37)__r00,29.970,436,267,8.91,keep,,accept,,
Bernstein,9KSESLJ0LWA,39,9KSESLJ0LWA(39)__r00,skeletons/Bernstein/9KSESLJ0LWA(39)__r00,29.970,72,62,2.07,keep,,accept,,
Bernstein,9KSESLJ0LWA,42,9KSESLJ0LWA(42)__r00,skeletons/Bernstein/9KSESLJ0LWA(42)__r00,29.970,93,93,3.10,keep,,accept,,
Bernstein,9KSESLJ0LWA,46,9KSESLJ0LWA(46)__r00,skeletons/Bernstein/9KSESLJ0LWA(46)__r00,29.970,202,157,3.90,keep,,accept,,
Bernstein,9KSESLJ0LWA,48,9KSESLJ0LWA(48)__r00,skeletons/Bernstein/9KSESLJ0LWA(48)__r00,29.970,135,135,4.50,keep,,accept,,
Bernstein,9KSESLJ0LWA,50,9KSESLJ0LWA(50)__r00,skeletons/Bernstein/9KSESLJ0LWA(50)__r00,29.970,125,125,4.17,keep,,accept,,
Bernstein,9KSESLJ0LWA,52,9KSESLJ0LWA(52)__r00,skeletons/Bernstein/9KSESLJ0LWA(52)__r00,29.970,81,81,2.70,keep,,accept,,
Bernstein,9KSESLJ0LWA,55,9KSESLJ0LWA(55)__r00,skeletons/Bernstein/9KSESLJ0LWA(55)__r00,29.970,119,119,3.97,keep,,accept,,
Bernstein,9KSESLJ0LWA,58,9KSESLJ0LWA(58)__r00,skeletons/Bernstein/9KSESLJ0LWA(58)__r00,29.970,408,318,2.30,keep,accept,,,
Bernstein,9KSESLJ0LWA,59,9KSESLJ0LWA(59)__r01,skeletons/Bernstein/9KSESLJ0LWA(59)__r01,29.970,110,79,2.64,keep,accept,,,
Bernstein,9KSESLJ0LWA,67,9KSESLJ0LWA(67)__r00,skeletons/Bernstein/9KSESLJ0LWA(67)__r00,29.970,93,81,2.70,keep,,accept,,
Bernstein,9KSESLJ0LWA,67,9KSESLJ0LWA(67)__r01,skeletons/Bernstein/9KSESLJ0LWA(67)__r01,29.970,230,181,3.44,keep,,accept,,
Bernstein,9KSESLJ0LWA,67,9KSESLJ0LWA(67)__r03,skeletons/Bernstein/9KSESLJ0LWA(67)__r03,29.970,252,202,5.31,keep,,accept,,
Bernstein,9KSESLJ0LWA,67,9KSESLJ0LWA(67)__r04,skeletons/Bernstein/9KSESLJ0LWA(67)__r04,29.970,71,71,2.37,keep,,accept,,
Bernstein,9KSESLJ0LWA,68,9KSESLJ0LWA(68)__r02,skeletons/Bernstein/9KSESLJ0LWA(68)__r02,29.970,66,66,2.20,keep,,accept,,
Bernstein,9KSESLJ0LWA,69,9KSESLJ0LWA(69)__r00,skeletons/Bernstein/9KSESLJ0LWA(69)__r00,29.970,187,174,5.81,keep,,accept,,
Bernstein,9KSESLJ0LWA,74,9KSESLJ0LWA(74)__r00,skeletons/Bernstein/9KSESLJ0LWA(74)__r00,29.970,94,94,3.14,keep,,accept,,
Bernstein,9KSESLJ0LWA,85,9KSESLJ0LWA(85)__r00,skeletons/Bernstein/9KSESLJ0LWA(85)__r00,29.970,379,352,9.28,keep,,accept,,
Bernstein,9KSESLJ0LWA,88,9KSESLJ0LWA(88)__r00,skeletons/Bernstein/9KSESLJ0LWA(88)__r00,29.970,127,64,2.14,keep,,accept,,
Bernstein,9KSESLJ0LWA,90,9KSESLJ0LWA(90)__r00,skeletons/Bernstein/9KSESLJ0LWA(90)__r00,29.970,319,291,9.71,keep,,accept,,
Bernstein,9KSESLJ0LWA,92,9KSESLJ0LWA(92)__r03,skeletons/Bernstein/9KSESLJ0LWA(92)__r03,29.970,130,114,3.80,keep,,accept,,
Bernstein,AfakIg9E_ao,1,AfakIg9E_ao(01)__r00,skeletons/Bernstein/AfakIg9E_ao(01)__r00,25.000,74,74,2.96,keep,,accept,,
Bernstein,AfakIg9E_ao,2,AfakIg9E_ao(02)__r00,skeletons/Bernstein/AfakIg9E_ao(02)__r00,25.000,79,73,2.92,keep,,accept,,
Bernstein,AfakIg9E_ao,3,AfakIg9E_ao(03)__r00,skeletons/Bernstein/AfakIg9E_ao(03)__r00,25.000,96,96,3.84,keep,,accept,,
Bernstein,AfakIg9E_ao,7,AfakIg9E_ao(07)__r00,skeletons/Bernstein/AfakIg9E_ao(07)__r00,25.000,68,68,2.72,keep,,accept,,
Bernstein,AfakIg9E_ao,8,AfakIg9E_ao(08)__r00,skeletons/Bernstein/AfakIg9E_ao(08)__r00,25.000,74,74,2.96,keep,,accept,,
Bernstein,AfakIg9E_ao,9,AfakIg9E_ao(09)__r00,skeletons/Bernstein/AfakIg9E_ao(09)__r00,25.000,82,82,3.28,keep,,accept,,
Bernstein,AfakIg9E_ao,10,AfakIg9E_ao(10)__r00,skeletons/Bernstein/AfakIg9E_ao(10)__r00,25.000,93,86,3.44,keep,,accept,,
Bernstein,AfakIg9E_ao,11,AfakIg9E_ao(11)__r00,skeletons/Bernstein/AfakIg9E_ao(11)__r00,25.000,60,60,2.40,keep,,accept,,
Bernstein,AfakIg9E_ao,12,AfakIg9E_ao(12)__r00,skeletons/Bernstein/AfakIg9E_ao(12)__r00,25.000,112,112,4.48,keep,,accept,,
Bernstein,AfakIg9E_ao,13,AfakIg9E_ao(13)__r00,skeletons/Bernstein/AfakIg9E_ao(13)__r00,25.000,101,101,4.04,keep,,accept,,
Bernstein,AfakIg9E_ao,18,AfakIg9E_ao(18)__r00,skeletons/Bernstein/AfakIg9E_ao(18)__r00,25.000,82,82,3.28,keep,,accept,,
Bernstein,AfakIg9E_ao,19,AfakIg9E_ao(19)__r00,skeletons/Bernstein/AfakIg9E_ao(19)__r00,25.000,135,52,2.08,keep,,accept,,
Bernstein,AfakIg9E_ao,22,AfakIg9E_ao(22)__r00,skeletons/Bernstein/AfakIg9E_ao(22)__r00,25.000,88,72,2.88,keep,,accept,,
Bernstein,AfakIg9E_ao,23,AfakIg9E_ao(23)__r00,skeletons/Bernstein/AfakIg9E_ao(23)__r00,25.000,110,110,4.40,keep,,accept,,
Bernstein,AfakIg9E_ao,24,AfakIg9E_ao(24)__r00,skeletons/Bernstein/AfakIg9E_ao(24)__r00,25.000,161,161,6.44,keep,,accept,,
Bernstein,AfakIg9E_ao,26,AfakIg9E_ao(26)__r00,skeletons/Bernstein/AfakIg9E_ao(26)__r00,25.000,118,107,4.28,keep,,accept,,
Bernstein,AfakIg9E_ao,26,AfakIg9E_ao(26)__r01,skeletons/Bernstein/AfakIg9E_ao(26)__r01,25.000,160,73,2.92,keep,,accept,,
Bernstein,AfakIg9E_ao,31,AfakIg9E_ao(31)__r00,skeletons/Bernstein/AfakIg9E_ao(31)__r00,25.000,137,137,5.48,keep,,accept,,
Bernstein,AfakIg9E_ao,34,AfakIg9E_ao(34)__r00,skeletons/Bernstein/AfakIg9E_ao(34)__r00,25.000,85,67,2.68,keep,,accept,,
Bernstein,AfakIg9E_ao,35,AfakIg9E_ao(35)__r00,skeletons/Bernstein/AfakIg9E_ao(35)__r00,25.000,73,54,2.16,keep,,accept,,
Bernstein,AfakIg9E_ao,37,AfakIg9E_ao(37)__r00,skeletons/Bernstein/AfakIg9E_ao(37)__r00,25.000,58,58,2.32,keep,,accept,,
Bernstein,AfakIg9E_ao,38,AfakIg9E_ao(38)__r02,skeletons/Bernstein/AfakIg9E_ao(38)__r02,25.000,224,157,5.04,keep,,accept,,
Bernstein,AfakIg9E_ao,38,AfakIg9E_ao(38)__r03,skeletons/Bernstein/AfakIg9E_ao(38)__r03,25.000,151,147,4.88,keep,,accept,,
Bernstein,AfakIg9E_ao,38,AfakIg9E_ao(38)__r05,skeletons/Bernstein/AfakIg9E_ao(38)__r05,25.000,447,308,4.24,keep,,accept,,
Bernstein,AfakIg9E_ao,39,AfakIg9E_ao(39)__r00,skeletons/Bernstein/AfakIg9E_ao(39)__r00,25.000,50,50,2.00,keep,,accept,,
Bernstein,AfakIg9E_ao,40,AfakIg9E_ao(40)__r00,skeletons/Bernstein/AfakIg9E_ao(40)__r00,25.000,78,78,3.12,keep,,accept,,
Bernstein,AfakIg9E_ao,41,AfakIg9E_ao(41)__r00,skeletons/Bernstein/AfakIg9E_ao(41)__r00,25.000,117,117,4.68,keep,,accept,,
Bernstein,AfakIg9E_ao,42,AfakIg9E_ao(42)__r00,skeletons/Bernstein/AfakIg9E_ao(42)__r00,25.000,94,94,3.76,keep,,accept,,
Bernstein,AfakIg9E_ao,43,AfakIg9E_ao(43)__r00,skeletons/Bernstein/AfakIg9E_ao(43)__r00,25.000,171,87,3.48,keep,accept,,,
Bernstein,AfakIg9E_ao,45,AfakIg9E_ao(45)__r00,skeletons/Bernstein/AfakIg9E_ao(45)__r00,25.000,82,82,3.28,keep,accept,,,
Bernstein,AfakIg9E_ao,45,AfakIg9E_ao(45)__r01,skeletons/Bernstein/AfakIg9E_ao(45)__r01,25.000,233,225,5.32,keep,accept,,,
Bernstein,AfakIg9E_ao,51,AfakIg9E_ao(51)__r00,skeletons/Bernstein/AfakIg9E_ao(51)__r00,25.000,84,72,2.88,keep,,accept,,
Bernstein,AfakIg9E_ao,54,AfakIg9E_ao(54)__r00,skeletons/Bernstein/AfakIg9E_ao(54)__r00,25.000,61,52,2.08,keep,,accept,,
Bernstein,Bj6KLv7kv2Q,1,Bj6KLv7kv2Q(01)__r01,skeletons/Bernstein/Bj6KLv7kv2Q(01)__r01,30.000,82,82,2.73,keep,,accept,,
Bernstein,Bj6KLv7kv2Q,2,Bj6KLv7kv2Q(02)__r00,skeletons/Bernstein/Bj6KLv7kv2Q(02)__r00,30.000,102,102,3.40,keep,,accept,,
Bernstein,CplmVMyPH80,2,CplmVMyPH80(02)__r00,skeletons/Bernstein/CplmVMyPH80(02)__r00,25.000,310,308,11.04,keep,,accept,,
Bernstein,CplmVMyPH80,2,CplmVMyPH80(02)__r01,skeletons/Bernstein/CplmVMyPH80(02)__r01,25.000,151,135,4.24,keep,,accept,,
Bernstein,CplmVMyPH80,5,CplmVMyPH80(05)__r00,skeletons/Bernstein/CplmVMyPH80(05)__r00,25.000,115,109,2.96,keep,,accept,,
Bernstein,CplmVMyPH80,103,CplmVMyPH80(103)__r00,skeletons/Bernstein/CplmVMyPH80(103)__r00,25.000,79,75,3.00,keep,,accept,,
Bernstein,CplmVMyPH80,104,CplmVMyPH80(104)__r01,skeletons/Bernstein/CplmVMyPH80(104)__r01,25.000,76,76,3.04,keep,,accept,,
Bernstein,CplmVMyPH80,107,CplmVMyPH80(107)__r00,skeletons/Bernstein/CplmVMyPH80(107)__r00,25.000,55,55,2.20,keep,,accept,,
Bernstein,CplmVMyPH80,107,CplmVMyPH80(107)__r01,skeletons/Bernstein/CplmVMyPH80(107)__r01,25.000,77,77,3.08,keep,,accept,,
Bernstein,CplmVMyPH80,11,CplmVMyPH80(11)__r00,skeletons/Bernstein/CplmVMyPH80(11)__r00,25.000,61,61,2.44,keep,,accept,,
Bernstein,CplmVMyPH80,110,CplmVMyPH80(110)__r00,skeletons/Bernstein/CplmVMyPH80(110)__r00,25.000,67,56,2.24,keep,,accept,,
Bernstein,CplmVMyPH80,117,CplmVMyPH80(117)__r00,skeletons/Bernstein/CplmVMyPH80(117)__r00,25.000,82,53,2.12,keep,,accept,,
Bernstein,CplmVMyPH80,119,CplmVMyPH80(119)__r00,skeletons/Bernstein/CplmVMyPH80(119)__r00,25.000,82,81,3.24,keep,,accept,,
Bernstein,CplmVMyPH80,14,CplmVMyPH80(14)__r00,skeletons/Bernstein/CplmVMyPH80(14)__r00,25.000,262,262,10.48,keep,,accept,,
Bernstein,CplmVMyPH80,15,CplmVMyPH80(15)__r00,skeletons/Bernstein/CplmVMyPH80(15)__r00,25.000,349,349,8.76,keep,,accept,,
Bernstein,CplmVMyPH80,15,CplmVMyPH80(15)__r01,skeletons/Bernstein/CplmVMyPH80(15)__r01,25.000,94,94,3.76,keep,,accept,,
Bernstein,CplmVMyPH80,20,CplmVMyPH80(20)__r00,skeletons/Bernstein/CplmVMyPH80(20)__r00,25.000,111,111,2.76,keep,accept,,,
Bernstein,CplmVMyPH80,23,CplmVMyPH80(23)__r00,skeletons/Bernstein/CplmVMyPH80(23)__r00,25.000,68,68,2.72,keep,accept,,,
Bernstein,CplmVMyPH80,24,CplmVMyPH80(24)__r00,skeletons/Bernstein/CplmVMyPH80(24)__r00,25.000,125,125,5.00,keep,,accept,,
Bernstein,CplmVMyPH80,27,CplmVMyPH80(27)__r00,skeletons/Bernstein/CplmVMyPH80(27)__r00,25.000,114,105,4.20,keep,,accept,,
Bernstein,CplmVMyPH80,30,CplmVMyPH80(30)__r00,skeletons/Bernstein/CplmVMyPH80(30)__r00,25.000,71,61,2.44,keep,,accept,,
Bernstein,CplmVMyPH80,35,CplmVMyPH80(35)__r00,skeletons/Bernstein/CplmVMyPH80(35)__r00,25.000,89,80,3.20,keep,,accept,,
Bernstein,CplmVMyPH80,36,CplmVMyPH80(36)__r00,skeletons/Bernstein/CplmVMyPH80(36)__r00,25.000,266,266,6.28,keep,,accept,,
Bernstein,CplmVMyPH80,37,CplmVMyPH80(37)__r00,skeletons/Bernstein/CplmVMyPH80(37)__r00,25.000,224,223,8.92,keep,,accept,,
Bernstein,CplmVMyPH80,40,CplmVMyPH80(40)__r00,skeletons/Bernstein/CplmVMyPH80(40)__r00,25.000,185,185,3.00,keep,,accept,,
Bernstein,CplmVMyPH80,41,CplmVMyPH80(41)__r00,skeletons/Bernstein/CplmVMyPH80(41)__r00,25.000,59,59,2.36,keep,,accept,,
Bernstein,CplmVMyPH80,43,CplmVMyPH80(43)__r00,skeletons/Bernstein/CplmVMyPH80(43)__r00,25.000,101,101,4.04,keep,,accept,,
Bernstein,CplmVMyPH80,46,CplmVMyPH80(46)__r02,skeletons/Bernstein/CplmVMyPH80(46)__r02,25.000,74,74,2.96,keep,,accept,,
Bernstein,CplmVMyPH80,47,CplmVMyPH80(47)__r00,skeletons/Bernstein/CplmVMyPH80(47)__r00,25.000,183,130,3.52,keep,,accept,,
Bernstein,CplmVMyPH80,48,CplmVMyPH80(48)__r00,skeletons/Bernstein/CplmVMyPH80(48)__r00,25.000,123,107,2.72,keep,,accept,,
Bernstein,CplmVMyPH80,50,CplmVMyPH80(50)__r00,skeletons/Bernstein/CplmVMyPH80(50)__r00,25.000,320,178,5.44,keep,,accept,,
Bernstein,CplmVMyPH80,54,CplmVMyPH80(54)__r00,skeletons/Bernstein/CplmVMyPH80(54)__r00,25.000,101,101,2.08,keep,,accept,,
Bernstein,CplmVMyPH80,57,CplmVMyPH80(57)__r00,skeletons/Bernstein/CplmVMyPH80(57)__r00,25.000,396,375,6.12,keep,,accept,,
Bernstein,CplmVMyPH80,58,CplmVMyPH80(58)__r00,skeletons/Bernstein/CplmVMyPH80(58)__r00,25.000,91,91,3.64,keep,,accept,,
Bernstein,CplmVMyPH80,59,CplmVMyPH80(59)__r00,skeletons/Bernstein/CplmVMyPH80(59)__r00,25.000,163,163,6.52,keep,,accept,,
Bernstein,CplmVMyPH80,60,CplmVMyPH80(60)__r00,skeletons/Bernstein/CplmVMyPH80(60)__r00,25.000,142,87,2.48,keep,accept,,,
Bernstein,CplmVMyPH80,62,CplmVMyPH80(62)__r00,skeletons/Bernstein/CplmVMyPH80(62)__r00,25.000,77,73,2.92,keep,,accept,,
Bernstein,CplmVMyPH80,66,CplmVMyPH80(66)__r00,skeletons/Bernstein/CplmVMyPH80(66)__r00,25.000,126,109,2.32,keep,,accept,,
Bernstein,CplmVMyPH80,68,CplmVMyPH80(68)__r00,skeletons/Bernstein/CplmVMyPH80(68)__r00,25.000,90,90,3.60,keep,,accept,,
Bernstein,CplmVMyPH80,69,CplmVMyPH80(69)__r00,skeletons/Bernstein/CplmVMyPH80(69)__r00,25.000,90,75,3.00,keep,,accept,,
Bernstein,CplmVMyPH80,70,CplmVMyPH80(70)__r00,skeletons/Bernstein/CplmVMyPH80(70)__r00,25.000,169,164,3.68,keep,,accept,,
Bernstein,CplmVMyPH80,73,CplmVMyPH80(73)__r00,skeletons/Bernstein/CplmVMyPH80(73)__r00,25.000,110,87,3.48,keep,,accept,,
Bernstein,CplmVMyPH80,78,CplmVMyPH80(78)__r00,skeletons/Bernstein/CplmVMyPH80(78)__r00,25.000,57,52,2.08,keep,,accept,,
Bernstein,CplmVMyPH80,80,CplmVMyPH80(80)__r00,skeletons/Bernstein/CplmVMyPH80(80)__r00,25.000,85,85,3.40,keep,,accept,,
Bernstein,CplmVMyPH80,83,CplmVMyPH80(83)__r00,skeletons/Bernstein/CplmVMyPH80(83)__r00,25.000,101,101,4.04,keep,,accept,,
Bernstein,CplmVMyPH80,87,CplmVMyPH80(87)__r00,skeletons/Bernstein/CplmVMyPH80(87)__r00,25.000,56,56,2.24,keep,,accept,,
Bernstein,CplmVMyPH80,90,CplmVMyPH80(90)__r00,skeletons/Bernstein/CplmVMyPH80(90)__r00,25.000,55,55,2.20,keep,,accept,,
Bernstein,CplmVMyPH80,91,CplmVMyPH80(91)__r00,skeletons/Bernstein/CplmVMyPH80(91)__r00,25.000,117,117,4.68,keep,,accept,,
Bernstein,CplmVMyPH80,94,CplmVMyPH80(94)__r00,skeletons/Bernstein/CplmVMyPH80(94)__r00,25.000,290,273,9.12,keep,accept,,,
Bernstein,CplmVMyPH80,97,CplmVMyPH80(97)__r00,skeletons/Bernstein/CplmVMyPH80(97)__r00,25.000,62,61,2.44,keep,accept,,,
Bernstein,EvnRC7tSX50,1,EvnRC7tSX50(01)__r03,skeletons/Bernstein/EvnRC7tSX50(01)__r03,23.976,334,297,7.38,keep,,accept,,
Bernstein,EvnRC7tSX50,1,EvnRC7tSX50(01)__r04,skeletons/Bernstein/EvnRC7tSX50(01)__r04,23.976,482,454,9.22,keep,,accept,,
Bernstein,EvnRC7tSX50,1,EvnRC7tSX50(01)__r08,skeletons/Bernstein/EvnRC7tSX50(01)__r08,23.976,70,70,2.92,keep,,accept,,
Bernstein,EvnRC7tSX50,1,EvnRC7tSX50(01)__r10,skeletons/Bernstein/EvnRC7tSX50(01)__r10,23.976,642,508,7.13,keep,,accept,,
Bernstein,EvnRC7tSX50,1,EvnRC7tSX50(01)__r16,skeletons/Bernstein/EvnRC7tSX50(01)__r16,23.976,831,674,14.85,keep,,accept,,
Bernstein,EvnRC7tSX50,2,EvnRC7tSX50(02)__r00,skeletons/Bernstein/EvnRC7tSX50(02)__r00,23.976,256,241,6.26,keep,,accept,,
Bernstein,EvnRC7tSX50,2,EvnRC7tSX50(02)__r01,skeletons/Bernstein/EvnRC7tSX50(02)__r01,23.976,356,330,9.09,keep,,accept,,
Bernstein,EvnRC7tSX50,2,EvnRC7tSX50(02)__r02,skeletons/Bernstein/EvnRC7tSX50(02)__r02,23.976,62,62,2.59,keep,,accept,,
Bernstein,EvnRC7tSX50,2,EvnRC7tSX50(02)__r03,skeletons/Bernstein/EvnRC7tSX50(02)__r03,23.976,208,200,6.67,keep,,accept,,
Bernstein,EvnRC7tSX50,2,EvnRC7tSX50(02)__r06,skeletons/Bernstein/EvnRC7tSX50(02)__r06,23.976,1037,810,10.55,keep,,accept,,
Bernstein,EvnRC7tSX50,3,EvnRC7tSX50(03)__r01,skeletons/Bernstein/EvnRC7tSX50(03)__r01,23.976,53,53,2.21,keep,,accept,,
Bernstein,EvnRC7tSX50,3,EvnRC7tSX50(03)__r02,skeletons/Bernstein/EvnRC7tSX50(03)__r02,23.976,338,146,2.09,keep,,accept,,
Bernstein,IS8FO6DEwfU,3,IS8FO6DEwfU(03)__r01,skeletons/Bernstein/IS8FO6DEwfU(03)__r01,25.000,625,499,7.44,keep,,accept,,
Bernstein,KUnnEH7yxyc,3,KUnnEH7yxyc(03)__r00,skeletons/Bernstein/KUnnEH7yxyc(03)__r00,29.970,304,214,5.91,keep,,accept,,
Bernstein,KUnnEH7yxyc,3,KUnnEH7yxyc(03)__r01,skeletons/Bernstein/KUnnEH7yxyc(03)__r01,29.970,370,328,9.54,keep,,accept,,
Bernstein,MFkLJzd7CH8,3,MFkLJzd7CH8(03)__r01,skeletons/Bernstein/MFkLJzd7CH8(03)__r01,24.000,69,69,2.88,keep,,accept,,
Bernstein,MFkLJzd7CH8,3,MFkLJzd7CH8(03)__r03,skeletons/Bernstein/MFkLJzd7CH8(03)__r03,24.000,105,88,3.67,keep,,accept,,
Bernstein,MFkLJzd7CH8,6,MFkLJzd7CH8(06)__r00,skeletons/Bernstein/MFkLJzd7CH8(06)__r00,24.000,201,188,5.04,keep,,accept,,
Bernstein,MFkLJzd7CH8,7,MFkLJzd7CH8(07)__r00,skeletons/Bernstein/MFkLJzd7CH8(07)__r00,24.000,81,66,2.75,keep,,accept,,
Bernstein,MFkLJzd7CH8,7,MFkLJzd7CH8(07)__r02,skeletons/Bernstein/MFkLJzd7CH8(07)__r02,24.000,160,149,3.42,keep,,accept,,
Bernstein,MFkLJzd7CH8,9,MFkLJzd7CH8(09)__r00,skeletons/Bernstein/MFkLJzd7CH8(09)__r00,24.000,124,108,2.54,keep,,accept,,
Bernstein,MFkLJzd7CH8,10,MFkLJzd7CH8(10)__r01,skeletons/Bernstein/MFkLJzd7CH8(10)__r01,24.000,181,110,3.25,keep,,accept,,
Bernstein,MFkLJzd7CH8,100,MFkLJzd7CH8(100)__r00,skeletons/Bernstein/MFkLJzd7CH8(100)__r00,24.000,61,49,2.04,keep,,accept,,
Bernstein,MFkLJzd7CH8,106,MFkLJzd7CH8(106)__r00,skeletons/Bernstein/MFkLJzd7CH8(106)__r00,24.000,141,141,5.88,keep,,accept,,
Bernstein,MFkLJzd7CH8,106,MFkLJzd7CH8(106)__r03,skeletons/Bernstein/MFkLJzd7CH8(106)__r03,24.000,135,135,5.62,keep,,accept,,
Bernstein,MFkLJzd7CH8,11,MFkLJzd7CH8(11)__r00,skeletons/Bernstein/MFkLJzd7CH8(11)__r00,24.000,158,149,6.21,keep,,accept,,
Bernstein,MFkLJzd7CH8,115,MFkLJzd7CH8(115)__r00,skeletons/Bernstein/MFkLJzd7CH8(115)__r00,24.000,141,141,5.88,keep,,accept,,
Bernstein,MFkLJzd7CH8,117,MFkLJzd7CH8(117)__r01,skeletons/Bernstein/MFkLJzd7CH8(117)__r01,24.000,51,51,2.12,keep,,accept,,
Bernstein,MFkLJzd7CH8,117,MFkLJzd7CH8(117)__r02,skeletons/Bernstein/MFkLJzd7CH8(117)__r02,24.000,55,50,2.08,keep,,accept,,
Bernstein,MFkLJzd7CH8,119,MFkLJzd7CH8(119)__r00,skeletons/Bernstein/MFkLJzd7CH8(119)__r00,24.000,73,65,2.71,keep,,accept,,
Bernstein,MFkLJzd7CH8,12,MFkLJzd7CH8(12)__r00,skeletons/Bernstein/MFkLJzd7CH8(12)__r00,24.000,141,141,5.88,keep,,accept,,
Bernstein,MFkLJzd7CH8,126,MFkLJzd7CH8(126)__r02,skeletons/Bernstein/MFkLJzd7CH8(126)__r02,24.000,329,329,13.71,keep,,accept,,
Bernstein,MFkLJzd7CH8,126,MFkLJzd7CH8(126)__r03,skeletons/Bernstein/MFkLJzd7CH8(126)__r03,24.000,105,105,4.38,keep,,accept,,
Bernstein,MFkLJzd7CH8,127,MFkLJzd7CH8(127)__r00,skeletons/Bernstein/MFkLJzd7CH8(127)__r00,24.000,94,88,2.67,keep,,accept,,
Bernstein,MFkLJzd7CH8,132,MFkLJzd7CH8(132)__r00,skeletons/Bernstein/MFkLJzd7CH8(132)__r00,24.000,190,104,2.17,keep,,accept,,
Bernstein,MFkLJzd7CH8,132,MFkLJzd7CH8(132)__r01,skeletons/Bernstein/MFkLJzd7CH8(132)__r01,24.000,118,92,2.25,keep,,accept,,
Bernstein,MFkLJzd7CH8,142,MFkLJzd7CH8(142)__r00,skeletons/Bernstein/MFkLJzd7CH8(142)__r00,24.000,233,200,6.42,keep,,accept,,
Bernstein,MFkLJzd7CH8,143,MFkLJzd7CH8(143)__r01,skeletons/Bernstein/MFkLJzd7CH8(143)__r01,24.000,168,81,2.00,keep,,accept,,
Bernstein,MFkLJzd7CH8,147,MFkLJzd7CH8(147)__r00,skeletons/Bernstein/MFkLJzd7CH8(147)__r00,24.000,85,85,3.54,keep,,accept,,
Bernstein,MFkLJzd7CH8,149,MFkLJzd7CH8(149)__r00,skeletons/Bernstein/MFkLJzd7CH8(149)__r00,24.000,95,88,2.38,keep,,accept,,
Bernstein,MFkLJzd7CH8,149,MFkLJzd7CH8(149)__r01,skeletons/Bernstein/MFkLJzd7CH8(149)__r01,24.000,86,86,2.25,keep,,accept,,
Bernstein,MFkLJzd7CH8,15,MFkLJzd7CH8(15)__r01,skeletons/Bernstein/MFkLJzd7CH8(15)__r01,24.000,421,381,10.92,keep,,accept,,
Bernstein,MFkLJzd7CH8,150,MFkLJzd7CH8(150)__r00,skeletons/Bernstein/MFkLJzd7CH8(150)__r00,24.000,62,62,2.58,keep,,accept,,
Bernstein,MFkLJzd7CH8,154,MFkLJzd7CH8(154)__r00,skeletons/Bernstein/MFkLJzd7CH8(154)__r00,24.000,97,97,2.21,keep,,accept,,
Bernstein,MFkLJzd7CH8,156,MFkLJzd7CH8(156)__r00,skeletons/Bernstein/MFkLJzd7CH8(156)__r00,24.000,101,79,3.29,keep,,accept,,
Bernstein,MFkLJzd7CH8,158,MFkLJzd7CH8(158)__r00,skeletons/Bernstein/MFkLJzd7CH8(158)__r00,24.000,110,94,3.92,keep,,accept,,
Bernstein,MFkLJzd7CH8,16,MFkLJzd7CH8(16)__r00,skeletons/Bernstein/MFkLJzd7CH8(16)__r00,24.000,54,54,2.25,keep,,accept,,
Bernstein,MFkLJzd7CH8,17,MFkLJzd7CH8(17)__r00,skeletons/Bernstein/MFkLJzd7CH8(17)__r00,24.000,60,60,2.50,keep,,accept,,
Bernstein,MFkLJzd7CH8,19,MFkLJzd7CH8(19)__r00,skeletons/Bernstein/MFkLJzd7CH8(19)__r00,24.000,94,94,3.92,keep,,accept,,
Bernstein,MFkLJzd7CH8,22,MFkLJzd7CH8(22)__r00,skeletons/Bernstein/MFkLJzd7CH8(22)__r00,24.000,132,124,5.17,keep,,accept,,
Bernstein,MFkLJzd7CH8,22,MFkLJzd7CH8(22)__r01,skeletons/Bernstein/MFkLJzd7CH8(22)__r01,24.000,75,52,2.17,keep,,accept,,
Bernstein,MFkLJzd7CH8,24,MFkLJzd7CH8(24)__r00,skeletons/Bernstein/MFkLJzd7CH8(24)__r00,24.000,74,57,2.38,keep,,accept,,
Bernstein,MFkLJzd7CH8,31,MFkLJzd7CH8(31)__r00,skeletons/Bernstein/MFkLJzd7CH8(31)__r00,24.000,264,231,9.62,keep,,accept,,
Bernstein,MFkLJzd7CH8,35,MFkLJzd7CH8(35)__r00,skeletons/Bernstein/MFkLJzd7CH8(35)__r00,24.000,76,76,3.17,keep,,accept,,
Bernstein,MFkLJzd7CH8,36,MFkLJzd7CH8(36)__r00,skeletons/Bernstein/MFkLJzd7CH8(36)__r00,24.000,324,276,7.17,keep,,accept,,
Bernstein,MFkLJzd7CH8,37,MFkLJzd7CH8(37)__r00,skeletons/Bernstein/MFkLJzd7CH8(37)__r00,24.000,134,134,5.58,keep,,accept,,
Bernstein,MFkLJzd7CH8,37,MFkLJzd7CH8(37)__r01,skeletons/Bernstein/MFkLJzd7CH8(37)__r01,24.000,102,102,2.71,keep,,accept,,
Bernstein,MFkLJzd7CH8,37,MFkLJzd7CH8(37)__r02,skeletons/Bernstein/MFkLJzd7CH8(37)__r02,24.000,69,69,2.88,keep,,accept,,
Bernstein,MFkLJzd7CH8,37,MFkLJzd7CH8(37)__r04,skeletons/Bernstein/MFkLJzd7CH8(37)__r04,24.000,50,48,2.00,keep,,accept,,
Bernstein,MFkLJzd7CH8,37,MFkLJzd7CH8(37)__r05,skeletons/Bernstein/MFkLJzd7CH8(37)__r05,24.000,166,158,5.58,keep,,accept,,
Bernstein,MFkLJzd7CH8,38,MFkLJzd7CH8(38)__r00,skeletons/Bernstein/MFkLJzd7CH8(38)__r00,24.000,50,50,2.08,keep,,accept,,
Bernstein,MFkLJzd7CH8,40,MFkLJzd7CH8(40)__r00,skeletons/Bernstein/MFkLJzd7CH8(40)__r00,24.000,330,316,9.92,keep,,accept,,
Bernstein,MFkLJzd7CH8,44,MFkLJzd7CH8(44)__r00,skeletons/Bernstein/MFkLJzd7CH8(44)__r00,24.000,76,76,3.17,keep,,accept,,
Bernstein,MFkLJzd7CH8,45,MFkLJzd7CH8(45)__r00,skeletons/Bernstein/MFkLJzd7CH8(45)__r00,24.000,57,57,2.38,keep,,accept,,
Bernstein,MFkLJzd7CH8,48,MFkLJzd7CH8(48)__r00,skeletons/Bernstein/MFkLJzd7CH8(48)__r00,24.000,163,146,3.58,keep,,accept,,
Bernstein,MFkLJzd7CH8,49,MFkLJzd7CH8(49)__r00,skeletons/Bernstein/MFkLJzd7CH8(49)__r00,24.000,386,177,3.00,keep,,accept,,
Bernstein,MFkLJzd7CH8,50,MFkLJzd7CH8(50)__r00,skeletons/Bernstein/MFkLJzd7CH8(50)__r00,24.000,112,112,4.67,keep,,accept,,
Bernstein,MFkLJzd7CH8,52,MFkLJzd7CH8(52)__r00,skeletons/Bernstein/MFkLJzd7CH8(52)__r00,24.000,101,101,4.21,keep,,accept,,
Bernstein,MFkLJzd7CH8,53,MFkLJzd7CH8(53)__r00,skeletons/Bernstein/MFkLJzd7CH8(53)__r00,24.000,100,100,4.17,keep,,accept,,
Bernstein,MFkLJzd7CH8,54,MFkLJzd7CH8(54)__r00,skeletons/Bernstein/MFkLJzd7CH8(54)__r00,24.000,49,49,2.04,keep,,accept,,
Bernstein,MFkLJzd7CH8,56,MFkLJzd7CH8(56)__r00,skeletons/Bernstein/MFkLJzd7CH8(56)__r00,24.000,65,65,2.71,keep,,accept,,
Bernstein,MFkLJzd7CH8,60,MFkLJzd7CH8(60)__r00,skeletons/Bernstein/MFkLJzd7CH8(60)__r00,24.000,171,142,3.96,keep,,accept,,
Bernstein,MFkLJzd7CH8,61,MFkLJzd7CH8(61)__r00,skeletons/Bernstein/MFkLJzd7CH8(61)__r00,24.000,99,94,3.92,keep,,accept,,
Bernstein,MFkLJzd7CH8,62,MFkLJzd7CH8(62)__r00,skeletons/Bernstein/MFkLJzd7CH8(62)__r00,24.000,51,50,2.08,keep,,accept,,
Bernstein,MFkLJzd7CH8,63,MFkLJzd7CH8(63)__r00,skeletons/Bernstein/MFkLJzd7CH8(63)__r00,24.000,163,146,6.08,keep,,accept,,
Bernstein,MFkLJzd7CH8,64,MFkLJzd7CH8(64)__r00,skeletons/Bernstein/MFkLJzd7CH8(64)__r00,24.000,57,57,2.38,keep,,accept,,
Bernstein,MFkLJzd7CH8,65,MFkLJzd7CH8(65)__r00,skeletons/Bernstein/MFkLJzd7CH8(65)__r00,24.000,106,102,4.25,keep,,accept,,
Bernstein,MFkLJzd7CH8,66,MFkLJzd7CH8(66)__r00,skeletons/Bernstein/MFkLJzd7CH8(66)__r00,24.000,170,151,6.29,keep,,accept,,
Bernstein,MFkLJzd7CH8,68,MFkLJzd7CH8(68)__r00,skeletons/Bernstein/MFkLJzd7CH8(68)__r00,24.000,272,270,5.21,keep,,accept,,
Bernstein,MFkLJzd7CH8,68,MFkLJzd7CH8(68)__r02,skeletons/Bernstein/MFkLJzd7CH8(68)__r02,24.000,69,69,2.88,keep,,accept,,
Bernstein,MFkLJzd7CH8,68,MFkLJzd7CH8(68)__r03,skeletons/Bernstein/MFkLJzd7CH8(68)__r03,24.000,120,120,5.00,keep,,accept,,
Bernstein,MFkLJzd7CH8,68,MFkLJzd7CH8(68)__r04,skeletons/Bernstein/MFkLJzd7CH8(68)__r04,24.000,54,54,2.25,keep,,accept,,
Bernstein,MFkLJzd7CH8,70,MFkLJzd7CH8(70)__r00,skeletons/Bernstein/MFkLJzd7CH8(70)__r00,24.000,151,143,3.21,keep,,accept,,
Bernstein,MFkLJzd7CH8,73,MFkLJzd7CH8(73)__r01,skeletons/Bernstein/MFkLJzd7CH8(73)__r01,24.000,128,113,4.71,keep,,accept,,
Bernstein,MFkLJzd7CH8,74,MFkLJzd7CH8(74)__r00,skeletons/Bernstein/MFkLJzd7CH8(74)__r00,24.000,75,63,2.62,keep,,accept,,
Bernstein,MFkLJzd7CH8,79,MFkLJzd7CH8(79)__r00,skeletons/Bernstein/MFkLJzd7CH8(79)__r00,24.000,78,78,3.25,keep,,accept,,
Bernstein,MFkLJzd7CH8,80,MFkLJzd7CH8(80)__r00,skeletons/Bernstein/MFkLJzd7CH8(80)__r00,24.000,102,102,4.25,keep,,accept,,
Bernstein,MFkLJzd7CH8,81,MFkLJzd7CH8(81)__r00,skeletons/Bernstein/MFkLJzd7CH8(81)__r00,24.000,269,77,2.04,keep,,accept,,
Bernstein,MFkLJzd7CH8,82,MFkLJzd7CH8(82)__r00,skeletons/Bernstein/MFkLJzd7CH8(82)__r00,24.000,588,527,9.96,keep,,accept,,
Bernstein,MFkLJzd7CH8,84,MFkLJzd7CH8(84)__r00,skeletons/Bernstein/MFkLJzd7CH8(84)__r00,24.000,126,100,4.17,keep,,accept,,
Bernstein,MFkLJzd7CH8,85,MFkLJzd7CH8(85)__r00,skeletons/Bernstein/MFkLJzd7CH8(85)__r00,24.000,122,122,5.08,keep,,accept,,
Bernstein,MFkLJzd7CH8,87,MFkLJzd7CH8(87)__r00,skeletons/Bernstein/MFkLJzd7CH8(87)__r00,24.000,304,304,12.67,keep,,accept,,
Bernstein,MFkLJzd7CH8,94,MFkLJzd7CH8(94)__r00,skeletons/Bernstein/MFkLJzd7CH8(94)__r00,24.000,103,65,2.71,keep,,accept,,
Bernstein,MFkLJzd7CH8,97,MFkLJzd7CH8(97)__r00,skeletons/Bernstein/MFkLJzd7CH8(97)__r00,24.000,249,249,10.38,keep,,accept,,
Bernstein,NK8-Zg-8JYM,2,NK8-Zg-8JYM(02)__r00,skeletons/Bernstein/NK8-Zg-8JYM(02)__r00,23.976,408,406,8.22,keep,accept,,,
Bernstein,NK8-Zg-8JYM,3,NK8-Zg-8JYM(03)__r00,skeletons/Bernstein/NK8-Zg-8JYM(03)__r00,23.976,844,840,18.02,keep,,accept,,
Bernstein,RkP33esCi5g,2,RkP33esCi5g(02)__r00,skeletons/Bernstein/RkP33esCi5g(02)__r00,29.970,314,220,2.20,keep,,accept,,
Bernstein,RkP33esCi5g,2,RkP33esCi5g(02)__r01,skeletons/Bernstein/RkP33esCi5g(02)__r01,29.970,250,222,5.47,keep,,accept,,
Bernstein,RkP33esCi5g,3,RkP33esCi5g(03)__r00,skeletons/Bernstein/RkP33esCi5g(03)__r00,29.970,730,459,6.17,keep,,accept,,
Bernstein,RkP33esCi5g,6,RkP33esCi5g(06)__r00,skeletons/Bernstein/RkP33esCi5g(06)__r00,29.970,290,264,5.54,keep,,accept,,
Bernstein,RkP33esCi5g,6,RkP33esCi5g(06)__r01,skeletons/Bernstein/RkP33esCi5g(06)__r01,29.970,172,144,4.80,keep,,accept,,
Bernstein,RkP33esCi5g,8,RkP33esCi5g(08)__r00,skeletons/Bernstein/RkP33esCi5g(08)__r00,29.970,294,266,4.67,keep,,accept,,
Bernstein,RkP33esCi5g,8,RkP33esCi5g(08)__r01,skeletons/Bernstein/RkP33esCi5g(08)__r01,29.970,104,104,3.47,keep,,accept,,
Bernstein,RkP33esCi5g,8,RkP33esCi5g(08)__r02,skeletons/Bernstein/RkP33esCi5g(08)__r02,29.970,254,213,3.94,keep,,accept,,
Bernstein,RkP33esCi5g,9,RkP33esCi5g(09)__r00,skeletons/Bernstein/RkP33esCi5g(09)__r00,29.970,262,254,4.60,keep,,accept,,
Bernstein,RkP33esCi5g,9,RkP33esCi5g(09)__r01,skeletons/Bernstein/RkP33esCi5g(09)__r01,29.970,90,90,3.00,keep,,accept,,
Bernstein,RkP33esCi5g,15,RkP33esCi5g(15)__r00,skeletons/Bernstein/RkP33esCi5g(15)__r00,29.970,82,82,2.74,keep,,accept,,
Bernstein,RkP33esCi5g,15,RkP33esCi5g(15)__r01,skeletons/Bernstein/RkP33esCi5g(15)__r01,29.970,276,266,8.88,keep,,accept,,
Bernstein,RkP33esCi5g,17,RkP33esCi5g(17)__r00,skeletons/Bernstein/RkP33esCi5g(17)__r00,29.970,198,190,3.34,keep,,accept,,
Bernstein,RkP33esCi5g,17,RkP33esCi5g(17)__r01,skeletons/Bernstein/RkP33esCi5g(17)__r01,29.970,94,94,3.14,keep,,accept,,
Bernstein,RkP33esCi5g,17,RkP33esCi5g(17)__r02,skeletons/Bernstein/RkP33esCi5g(17)__r02,29.970,78,78,2.60,keep,,accept,,
Bernstein,RkP33esCi5g,21,RkP33esCi5g(21)__r00,skeletons/Bernstein/RkP33esCi5g(21)__r00,29.970,60,60,2.00,keep,,accept,,
Bernstein,RkP33esCi5g,22,RkP33esCi5g(22)__r00,skeletons/Bernstein/RkP33esCi5g(22)__r00,29.970,140,92,3.07,keep,,accept,,
Bernstein,RkP33esCi5g,25,RkP33esCi5g(25)__r00,skeletons/Bernstein/RkP33esCi5g(25)__r00,29.970,60,60,2.00,keep,,accept,,
Bernstein,RkP33esCi5g,25,RkP33esCi5g(25)__r01,skeletons/Bernstein/RkP33esCi5g(25)__r01,29.970,526,458,5.21,keep,,accept,,
Bernstein,RkP33esCi5g,28,RkP33esCi5g(28)__r01,skeletons/Bernstein/RkP33esCi5g(28)__r01,29.970,190,154,2.74,keep,,accept,,
Bernstein,RkP33esCi5g,28,RkP33esCi5g(28)__r02,skeletons/Bernstein/RkP33esCi5g(28)__r02,29.970,434,404,3.60,keep,,accept,,
Bernstein,RkP33esCi5g,28,RkP33esCi5g(28)__r04,skeletons/Bernstein/RkP33esCi5g(28)__r04,29.970,62,62,2.07,keep,,accept,,
Bernstein,RkP33esCi5g,30,RkP33esCi5g(30)__r00,skeletons/Bernstein/RkP33esCi5g(30)__r00,29.970,196,176,2.67,keep,,accept,,
Bernstein,RkP33esCi5g,31,RkP33esCi5g(31)__r00,skeletons/Bernstein/RkP33esCi5g(31)__r00,29.970,182,168,5.61,keep,,accept,,
Bernstein,RkP33esCi5g,53,RkP33esCi5g(53)__r02,skeletons/Bernstein/RkP33esCi5g(53)__r02,29.970,215,126,2.60,keep,accept,,,
Bernstein,VmWrfN0hQSQ,3,VmWrfN0hQSQ(03)__r00,skeletons/Bernstein/VmWrfN0hQSQ(03)__r00,60.000,1079,480,4.33,keep,,accept,,
Bernstein,VmWrfN0hQSQ,3,VmWrfN0hQSQ(03)__r05,skeletons/Bernstein/VmWrfN0hQSQ(03)__r05,60.000,1502,435,3.45,keep,,accept,,
Bernstein,VmWrfN0hQSQ,3,VmWrfN0hQSQ(03)__r06,skeletons/Bernstein/VmWrfN0hQSQ(03)__r06,60.000,1918,1183,5.42,keep,,accept,,
Bernstein,VmWrfN0hQSQ,3,VmWrfN0hQSQ(03)__r12,skeletons/Bernstein/VmWrfN0hQSQ(03)__r12,60.000,1804,1468,5.15,keep,,accept,,
Bernstein,VmWrfN0hQSQ,3,VmWrfN0hQSQ(03)__r14,skeletons/Bernstein/VmWrfN0hQSQ(03)__r14,60.000,181,153,2.55,keep,,accept,,
Bernstein,VmWrfN0hQSQ,3,VmWrfN0hQSQ(03)__r15,skeletons/Bernstein/VmWrfN0hQSQ(03)__r15,60.000,6957,4244,17.25,keep,,accept,,
Bernstein,VmWrfN0hQSQ,3,VmWrfN0hQSQ(03)__r20,skeletons/Bernstein/VmWrfN0hQSQ(03)__r20,60.000,1197,1167,12.02,keep,,accept,,
Bernstein,VmWrfN0hQSQ,3,VmWrfN0hQSQ(03)__r23,skeletons/Bernstein/VmWrfN0hQSQ(03)__r23,60.000,2068,1459,14.37,keep,,accept,,
Bernstein,VmWrfN0hQSQ,5,VmWrfN0hQSQ(05)__r00,skeletons/Bernstein/VmWrfN0hQSQ(05)__r00,60.000,706,627,5.12,keep,,accept,,
Bernstein,VmWrfN0hQSQ,6,VmWrfN0hQSQ(06)__r00,skeletons/Bernstein/VmWrfN0hQSQ(06)__r00,60.000,865,548,3.30,keep,,accept,,
Bernstein,_MjEp_SAfS0,101,_MjEp_SAfS0(101)__r00,skeletons/Bernstein/_MjEp_SAfS0(101)__r00,29.970,112,112,3.74,keep,accept,,,
Bernstein,_MjEp_SAfS0,118,_MjEp_SAfS0(118)__r00,skeletons/Bernstein/_MjEp_SAfS0(118)__r00,29.970,133,118,3.94,keep,accept,,,
Bernstein,_MjEp_SAfS0,137,_MjEp_SAfS0(137)__r00,skeletons/Bernstein/_MjEp_SAfS0(137)__r00,29.970,81,67,2.24,keep,accept,,,
Bernstein,_MjEp_SAfS0,138,_MjEp_SAfS0(138)__r00,skeletons/Bernstein/_MjEp_SAfS0(138)__r00,29.970,113,86,2.87,keep,accept,,,
Bernstein,_MjEp_SAfS0,160,_MjEp_SAfS0(160)__r00,skeletons/Bernstein/_MjEp_SAfS0(160)__r00,29.970,300,73,2.44,keep,accept,,,
Bernstein,_MjEp_SAfS0,171,_MjEp_SAfS0(171)__r02,skeletons/Bernstein/_MjEp_SAfS0(171)__r02,29.970,141,82,2.74,keep,accept,,,
Bernstein,_MjEp_SAfS0,173,_MjEp_SAfS0(173)__r00,skeletons/Bernstein/_MjEp_SAfS0(173)__r00,29.970,112,112,3.74,keep,accept,,,
Bernstein,_MjEp_SAfS0,53,_MjEp_SAfS0(53)__r00,skeletons/Bernstein/_MjEp_SAfS0(53)__r00,29.970,100,74,2.47,keep,accept,,,
Bernstein,_MjEp_SAfS0,61,_MjEp_SAfS0(61)__r00,skeletons/Bernstein/_MjEp_SAfS0(61)__r00,29.970,529,358,6.51,keep,accept,,,
Bernstein,_MjEp_SAfS0,63,_MjEp_SAfS0(63)__r00,skeletons/Bernstein/_MjEp_SAfS0(63)__r00,29.970,81,66,2.20,keep,accept,,,
Bernstein,_MjEp_SAfS0,64,_MjEp_SAfS0(64)__r00,skeletons/Bernstein/_MjEp_SAfS0(64)__r00,29.970,66,66,2.20,keep,accept,,,
Bernstein,a5P_xKg_1O0,1,a5P_xKg_1O0(01)__r00,skeletons/Bernstein/a5P_xKg_1O0(01)__r00,29.970,1269,1214,17.52,keep,,accept,,
Bernstein,bXEldU1UC70,21,bXEldU1UC70(21)__r00,skeletons/Bernstein/bXEldU1UC70(21)__r00,30.000,189,144,4.80,keep,accept,,,
Bernstein,dRhwyzJABvI,2,dRhwyzJABvI(02)__r00,skeletons/Bernstein/dRhwyzJABvI(02)__r00,29.970,313,313,10.44,keep,accept,,,
Bernstein,dRhwyzJABvI,2,dRhwyzJABvI(02)__r01,skeletons/Bernstein/dRhwyzJABvI(02)__r01,29.970,60,60,2.00,keep,accept,,,
Bernstein,dRhwyzJABvI,2,dRhwyzJABvI(02)__r02,skeletons/Bernstein/dRhwyzJABvI(02)__r02,29.970,224,224,7.47,keep,accept,,,
Bernstein,hp-GI9jhxAY,26,hp-GI9jhxAY(26)__r00,skeletons/Bernstein/hp-GI9jhxAY(26)__r00,29.970,198,198,6.61,keep,accept,,,
Bernstein,iYgirjU-9UE,2,iYgirjU-9UE(02)__r04,skeletons/Bernstein/iYgirjU-9UE(02)__r04,24.000,250,230,4.50,keep,accept,,,
Bernstein,iYgirjU-9UE,2,iYgirjU-9UE(02)__r06,skeletons/Bernstein/iYgirjU-9UE(02)__r06,24.000,368,324,6.79,keep,accept,,,
Bernstein,iYgirjU-9UE,2,iYgirjU-9UE(02)__r07,skeletons/Bernstein/iYgirjU-9UE(02)__r07,24.000,422,363,10.04,keep,accept,,,
Bernstein,iYgirjU-9UE,2,iYgirjU-9UE(02)__r08,skeletons/Bernstein/iYgirjU-9UE(02)__r08,24.000,861,835,21.00,keep,accept,,,
Bernstein,iYgirjU-9UE,2,iYgirjU-9UE(02)__r10,skeletons/Bernstein/iYgirjU-9UE(02)__r10,24.000,1722,1608,11.21,keep,accept,,,
Bernstein,iYgirjU-9UE,2,iYgirjU-9UE(02)__r11,skeletons/Bernstein/iYgirjU-9UE(02)__r11,24.000,112,112,4.67,keep,accept,,,
Bernstein,ljG5OUNEkMY,101,ljG5OUNEkMY(101)__r00,skeletons/Bernstein/ljG5OUNEkMY(101)__r00,29.970,240,186,4.74,keep,accept,,,
Bernstein,ljG5OUNEkMY,28,ljG5OUNEkMY(28)__r00,skeletons/Bernstein/ljG5OUNEkMY(28)__r00,29.970,303,235,5.41,keep,accept,,,
Bernstein,ljG5OUNEkMY,28,ljG5OUNEkMY(28)__r01,skeletons/Bernstein/ljG5OUNEkMY(28)__r01,29.970,296,295,9.84,keep,accept,,,
Bernstein,ljG5OUNEkMY,70,ljG5OUNEkMY(70)__r00,skeletons/Bernstein/ljG5OUNEkMY(70)__r00,29.970,138,87,2.90,keep,accept,,,
Bernstein,ljG5OUNEkMY,71,ljG5OUNEkMY(71)__r00,skeletons/Bernstein/ljG5OUNEkMY(71)__r00,29.970,92,92,3.07,keep,accept,,,
Bernstein,ljG5OUNEkMY,72,ljG5OUNEkMY(72)__r00,skeletons/Bernstein/ljG5OUNEkMY(72)__r00,29.970,313,312,10.41,keep,accept,,,
Bernstein,ljG5OUNEkMY,76,ljG5OUNEkMY(76)__r00,skeletons/Bernstein/ljG5OUNEkMY(76)__r00,29.970,199,85,2.84,keep,accept,,,
Bernstein,ljG5OUNEkMY,82,ljG5OUNEkMY(82)__r00,skeletons/Bernstein/ljG5OUNEkMY(82)__r00,29.970,260,126,2.77,keep,accept,,,
Bernstein,ljG5OUNEkMY,96,ljG5OUNEkMY(96)__r00,skeletons/Bernstein/ljG5OUNEkMY(96)__r00,29.970,92,89,2.97,keep,accept,,,
Bernstein,m0evC5OMofs,13,m0evC5OMofs(13)__r00,skeletons/Bernstein/m0evC5OMofs(13)__r00,29.970,389,320,3.00,keep,accept,,,
Bernstein,m3wFdajeAwU,45,m3wFdajeAwU(45)__r00,skeletons/Bernstein/m3wFdajeAwU(45)__r00,25.000,208,208,8.32,keep,accept,,,
Bernstein,m3wFdajeAwU,49,m3wFdajeAwU(49)__r00,skeletons/Bernstein/m3wFdajeAwU(49)__r00,25.000,165,83,3.32,keep,accept,,,
Bernstein,m3wFdajeAwU,50,m3wFdajeAwU(50)__r00,skeletons/Bernstein/m3wFdajeAwU(50)__r00,25.000,59,55,2.20,keep,accept,,,
Bernstein,m3wFdajeAwU,59,m3wFdajeAwU(59)__r00,skeletons/Bernstein/m3wFdajeAwU(59)__r00,25.000,137,113,3.16,keep,accept,,,
Bernstein,m3wFdajeAwU,64,m3wFdajeAwU(64)__r00,skeletons/Bernstein/m3wFdajeAwU(64)__r00,25.000,156,107,4.28,keep,accept,,,
Bernstein,m3wFdajeAwU,67,m3wFdajeAwU(67)__r00,skeletons/Bernstein/m3wFdajeAwU(67)__r00,25.000,485,457,6.36,keep,accept,,,
Bernstein,m3wFdajeAwU,76,m3wFdajeAwU(76)__r00,skeletons/Bernstein/m3wFdajeAwU(76)__r00,25.000,561,561,10.68,keep,accept,,,
Bernstein,m3wFdajeAwU,77,m3wFdajeAwU(77)__r00,skeletons/Bernstein/m3wFdajeAwU(77)__r00,25.000,223,223,8.92,keep,accept,,,
Bernstein,p8bZ7vm4_6M,7,p8bZ7vm4_6M(07)__r00,skeletons/Bernstein/p8bZ7vm4_6M(07)__r00,29.970,760,636,14.05,keep,accept,,,
Bernstein,p8bZ7vm4_6M,7,p8bZ7vm4_6M(07)__r01,skeletons/Bernstein/p8bZ7vm4_6M(07)__r01,29.970,120,101,2.24,keep,accept,,,
Bernstein,p8bZ7vm4_6M,7,p8bZ7vm4_6M(07)__r03,skeletons/Bernstein/p8bZ7vm4_6M(07)__r03,29.970,549,514,8.41,keep,accept,,,
Bernstein,p8bZ7vm4_6M,23,p8bZ7vm4_6M(23)__r00,skeletons/Bernstein/p8bZ7vm4_6M(23)__r00,29.970,227,227,5.77,keep,accept,,,
Bernstein,p8bZ7vm4_6M,45,p8bZ7vm4_6M(45)__r00,skeletons/Bernstein/p8bZ7vm4_6M(45)__r00,29.970,311,308,5.91,keep,accept,,,
Bernstein,r88EnGeiJrE,9,r88EnGeiJrE(09)__r00,skeletons/Bernstein/r88EnGeiJrE(09)__r00,25.000,53,53,2.12,keep,accept,,,
Bernstein,r88EnGeiJrE,10,r88EnGeiJrE(10)__r00,skeletons/Bernstein/r88EnGeiJrE(10)__r00,25.000,189,150,3.32,keep,accept,,,
Bernstein,r88EnGeiJrE,100,r88EnGeiJrE(100)__r00,skeletons/Bernstein/r88EnGeiJrE(100)__r00,25.000,367,142,2.84,keep,accept,,,
Bernstein,r88EnGeiJrE,109,r88EnGeiJrE(109)__r00,skeletons/Bernstein/r88EnGeiJrE(109)__r00,25.000,66,51,2.04,keep,accept,,,
Bernstein,r88EnGeiJrE,113,r88EnGeiJrE(113)__r00,skeletons/Bernstein/r88EnGeiJrE(113)__r00,25.000,109,52,2.08,keep,accept,,,
Bernstein,r88EnGeiJrE,17,r88EnGeiJrE(17)__r00,skeletons/Bernstein/r88EnGeiJrE(17)__r00,25.000,169,50,2.00,keep,accept,,,
Bernstein,r88EnGeiJrE,24,r88EnGeiJrE(24)__r00,skeletons/Bernstein/r88EnGeiJrE(24)__r00,25.000,86,85,3.40,keep,accept,,,
Bernstein,r88EnGeiJrE,25,r88EnGeiJrE(25)__r00,skeletons/Bernstein/r88EnGeiJrE(25)__r00,25.000,183,181,7.24,keep,accept,,,
Bernstein,r88EnGeiJrE,62,r88EnGeiJrE(62)__r00,skeletons/Bernstein/r88EnGeiJrE(62)__r00,25.000,171,152,3.72,keep,accept,,,
Bernstein,r88EnGeiJrE,63,r88EnGeiJrE(63)__r00,skeletons/Bernstein/r88EnGeiJrE(63)__r00,25.000,286,106,2.12,keep,accept,,,
Bernstein,r88EnGeiJrE,71,r88EnGeiJrE(71)__r00,skeletons/Bernstein/r88EnGeiJrE(71)__r00,25.000,107,107,4.28,keep,accept,,,
Bernstein,r88EnGeiJrE,73,r88EnGeiJrE(73)__r00,skeletons/Bernstein/r88EnGeiJrE(73)__r00,25.000,95,88,3.52,keep,accept,,,
Bernstein,r88EnGeiJrE,82,r88EnGeiJrE(82)__r00,skeletons/Bernstein/r88EnGeiJrE(82)__r00,25.000,174,139,2.60,keep,accept,,,
Bernstein,r88EnGeiJrE,98,r88EnGeiJrE(98)__r00,skeletons/Bernstein/r88EnGeiJrE(98)__r00,25.000,104,91,2.20,keep,accept,,,
Bernstein,rO8MnwcvSVk,25,rO8MnwcvSVk(25)__r00,skeletons/Bernstein/rO8MnwcvSVk(25)__r00,30.000,264,245,5.77,keep,accept,,,
Bernstein,rO8MnwcvSVk,31,rO8MnwcvSVk(31)_c00__r00,skeletons/Bernstein/rO8MnwcvSVk(31)_c00__r00,30.000,537,464,12.43,keep,accept,,,
Bernstein,rvdEjg-EDTk,2,rvdEjg-EDTk(02)__r05,skeletons/Bernstein/rvdEjg-EDTk(02)__r05,29.970,773,769,15.22,keep,,accept,,
Bernstein,rvdEjg-EDTk,4,rvdEjg-EDTk(04)__r01,skeletons/Bernstein/rvdEjg-EDTk(04)__r01,29.970,182,163,5.44,keep,,accept,,
Bernstein,rvdEjg-EDTk,4,rvdEjg-EDTk(04)__r02,skeletons/Bernstein/rvdEjg-EDTk(04)__r02,29.970,762,762,25.43,keep,,accept,,
Bernstein,srb2EyvTSGw,27,srb2EyvTSGw(27)__r00,skeletons/Bernstein/srb2EyvTSGw(27)__r00,29.970,462,323,6.17,keep,accept,,,
Bernstein,srb2EyvTSGw,33,srb2EyvTSGw(33)__r01,skeletons/Bernstein/srb2EyvTSGw(33)__r01,29.970,84,81,2.70,keep,accept,,,
Bernstein,srb2EyvTSGw,34,srb2EyvTSGw(34)__r00,skeletons/Bernstein/srb2EyvTSGw(34)__r00,29.970,110,96,3.20,keep,accept,,,
Bernstein,srb2EyvTSGw,41,srb2EyvTSGw(41)__r00,skeletons/Bernstein/srb2EyvTSGw(41)__r00,29.970,321,190,4.17,keep,accept,,,
Bernstein,srb2EyvTSGw,50,srb2EyvTSGw(50)__r00,skeletons/Bernstein/srb2EyvTSGw(50)__r00,29.970,209,173,5.77,keep,accept,,,
Bernstein,to_aVqJjzZE,35,to_aVqJjzZE(35)__r00,skeletons/Bernstein/to_aVqJjzZE(35)__r00,30.000,192,68,2.27,keep,accept,,,
Bernstein,to_aVqJjzZE,83,to_aVqJjzZE(83)__r00,skeletons/Bernstein/to_aVqJjzZE(83)__r00,30.000,186,88,2.93,keep,accept,,,
Bernstein,xjeZVyqSAFs,13,xjeZVyqSAFs(13)__r00,skeletons/Bernstein/xjeZVyqSAFs(13)__r00,30.000,92,92,3.07,keep,,accept,,
Bernstein,xjeZVyqSAFs,14,xjeZVyqSAFs(14)__r01,skeletons/Bernstein/xjeZVyqSAFs(14)__r01,30.000,116,62,2.07,keep,,accept,,
Dudamel,-HLDqBUxcD4,1,-HLDqBUxcD4(01)__r00,skeletons/Dudamel/-HLDqBUxcD4(01)__r00,25.000,138,107,2.60,keep,,accept,,
Dudamel,-HLDqBUxcD4,6,-HLDqBUxcD4(06)__r00,skeletons/Dudamel/-HLDqBUxcD4(06)__r00,25.000,185,185,4.56,keep,,accept,,
Dudamel,-HLDqBUxcD4,7,-HLDqBUxcD4(07)__r00,skeletons/Dudamel/-HLDqBUxcD4(07)__r00,25.000,109,109,2.68,keep,,accept,,
Dudamel,-HLDqBUxcD4,11,-HLDqBUxcD4(11)__r00,skeletons/Dudamel/-HLDqBUxcD4(11)__r00,25.000,92,92,3.68,keep,,accept,,
Dudamel,-HLDqBUxcD4,23,-HLDqBUxcD4(23)__r00,skeletons/Dudamel/-HLDqBUxcD4(23)__r00,25.000,74,74,2.96,keep,,accept,,
Dudamel,-HLDqBUxcD4,24,-HLDqBUxcD4(24)__r00,skeletons/Dudamel/-HLDqBUxcD4(24)__r00,25.000,73,67,2.68,keep,,accept,,
Dudamel,-HLDqBUxcD4,25,-HLDqBUxcD4(25)__r00,skeletons/Dudamel/-HLDqBUxcD4(25)__r00,25.000,149,149,5.96,keep,,accept,,
Dudamel,-HLDqBUxcD4,26,-HLDqBUxcD4(26)__r00,skeletons/Dudamel/-HLDqBUxcD4(26)__r00,25.000,89,89,3.56,keep,,accept,,
Dudamel,-HLDqBUxcD4,30,-HLDqBUxcD4(30)__r00,skeletons/Dudamel/-HLDqBUxcD4(30)__r00,25.000,79,79,3.16,keep,,accept,,
Dudamel,-HLDqBUxcD4,34,-HLDqBUxcD4(34)__r00,skeletons/Dudamel/-HLDqBUxcD4(34)__r00,25.000,114,107,4.28,keep,,accept,,
Dudamel,-HLDqBUxcD4,35,-HLDqBUxcD4(35)__r00,skeletons/Dudamel/-HLDqBUxcD4(35)__r00,25.000,155,140,4.32,keep,,accept,,
Dudamel,-N0s9C63pSo,1,-N0s9C63pSo(01)__r00,skeletons/Dudamel/-N0s9C63pSo(01)__r00,29.970,179,179,5.97,keep,,accept,,
Dudamel,-N0s9C63pSo,2,-N0s9C63pSo(02)__r00,skeletons/Dudamel/-N0s9C63pSo(02)__r00,29.970,73,65,2.17,keep,,accept,,
Dudamel,-N0s9C63pSo,3,-N0s9C63pSo(03)__r02,skeletons/Dudamel/-N0s9C63pSo(03)__r02,29.970,76,65,2.17,keep,,accept,,
Dudamel,-N0s9C63pSo,4,-N0s9C63pSo(04)__r00,skeletons/Dudamel/-N0s9C63pSo(04)__r00,29.970,345,176,2.54,keep,accept,,,
Dudamel,-N0s9C63pSo,5,-N0s9C63pSo(05)__r00,skeletons/Dudamel/-N0s9C63pSo(05)__r00,29.970,628,414,2.34,keep,accept,,,
Dudamel,-N0s9C63pSo,7,-N0s9C63pSo(07)__r00,skeletons/Dudamel/-N0s9C63pSo(07)__r00,29.970,439,328,5.84,keep,,accept,,
Dudamel,-N0s9C63pSo,8,-N0s9C63pSo(08)__r00,skeletons/Dudamel/-N0s9C63pSo(08)__r00,29.970,218,185,4.80,keep,,accept,,
Dudamel,-N0s9C63pSo,8,-N0s9C63pSo(08)__r01,skeletons/Dudamel/-N0s9C63pSo(08)__r01,29.970,516,235,4.07,keep,,accept,,
Dudamel,-N0s9C63pSo,17,-N0s9C63pSo(17)__r00,skeletons/Dudamel/-N0s9C63pSo(17)__r00,29.970,129,129,4.30,keep,accept,,,
Dudamel,-N0s9C63pSo,17,-N0s9C63pSo(17)__r02,skeletons/Dudamel/-N0s9C63pSo(17)__r02,29.970,247,113,2.44,keep,accept,,,
Dudamel,-N0s9C63pSo,19,-N0s9C63pSo(19)__r00,skeletons/Dudamel/-N0s9C63pSo(19)__r00,29.970,168,168,5.61,keep,,accept,,
Dudamel,-N0s9C63pSo,20,-N0s9C63pSo(20)__r00,skeletons/Dudamel/-N0s9C63pSo(20)__r00,29.970,344,187,3.00,keep,,accept,,
Dudamel,-N0s9C63pSo,22,-N0s9C63pSo(22)__r00,skeletons/Dudamel/-N0s9C63pSo(22)__r00,29.970,406,239,4.44,keep,accept,,,
Dudamel,-N0s9C63pSo,23,-N0s9C63pSo(23)__r00,skeletons/Dudamel/-N0s9C63pSo(23)__r00,29.970,591,296,3.47,keep,,accept,,
Dudamel,-N0s9C63pSo,25,-N0s9C63pSo(25)__r02,skeletons/Dudamel/-N0s9C63pSo(25)__r02,29.970,172,109,2.17,keep,,accept,,
Dudamel,-N0s9C63pSo,26,-N0s9C63pSo(26)__r00,skeletons/Dudamel/-N0s9C63pSo(26)__r00,29.970,244,244,8.14,keep,,accept,,
Dudamel,-N0s9C63pSo,27,-N0s9C63pSo(27)__r00,skeletons/Dudamel/-N0s9C63pSo(27)__r00,29.970,209,209,6.97,keep,,accept,,
Dudamel,-N0s9C63pSo,28,-N0s9C63pSo(28)__r00,skeletons/Dudamel/-N0s9C63pSo(28)__r00,29.970,187,169,5.64,keep,,accept,,
Dudamel,-N0s9C63pSo,29,-N0s9C63pSo(29)__r00,skeletons/Dudamel/-N0s9C63pSo(29)__r00,29.970,880,628,4.20,keep,,accept,,
Dudamel,-N0s9C63pSo,30,-N0s9C63pSo(30)__r00,skeletons/Dudamel/-N0s9C63pSo(30)__r00,29.970,233,112,3.74,keep,,accept,,
Dudamel,-N0s9C63pSo,32,-N0s9C63pSo(32)__r00,skeletons/Dudamel/-N0s9C63pSo(32)__r00,29.970,477,263,4.57,keep,,accept,,
Dudamel,-N0s9C63pSo,33,-N0s9C63pSo(33)__r00,skeletons/Dudamel/-N0s9C63pSo(33)__r00,29.970,739,610,8.98,keep,,accept,,
Dudamel,-N0s9C63pSo,34,-N0s9C63pSo(34)__r00,skeletons/Dudamel/-N0s9C63pSo(34)__r00,29.970,265,265,8.84,keep,,accept,,
Dudamel,-N0s9C63pSo,36,-N0s9C63pSo(36)__r00,skeletons/Dudamel/-N0s9C63pSo(36)__r00,29.970,210,162,5.41,keep,,accept,,
Dudamel,-N0s9C63pSo,38,-N0s9C63pSo(38)__r00,skeletons/Dudamel/-N0s9C63pSo(38)__r00,29.970,79,79,2.64,keep,,accept,,
Dudamel,-N0s9C63pSo,38,-N0s9C63pSo(38)__r03,skeletons/Dudamel/-N0s9C63pSo(38)__r03,29.970,461,461,8.94,keep,,accept,,
Dudamel,-N0s9C63pSo,42,-N0s9C63pSo(42)__r00,skeletons/Dudamel/-N0s9C63pSo(42)__r00,29.970,348,248,4.97,keep,accept,,,
Dudamel,-N0s9C63pSo,44,-N0s9C63pSo(44)__r00,skeletons/Dudamel/-N0s9C63pSo(44)__r00,29.970,559,495,10.81,keep,,accept,,
Dudamel,-N0s9C63pSo,44,-N0s9C63pSo(44)__r01,skeletons/Dudamel/-N0s9C63pSo(44)__r01,29.970,209,204,6.81,keep,,accept,,
Dudamel,-N0s9C63pSo,44,-N0s9C63pSo(44)__r02,skeletons/Dudamel/-N0s9C63pSo(44)__r02,29.970,243,229,5.71,keep,,accept,,
Dudamel,-N0s9C63pSo,44,-N0s9C63pSo(44)__r03,skeletons/Dudamel/-N0s9C63pSo(44)__r03,29.970,350,344,11.48,keep,,accept,,
Dudamel,-N0s9C63pSo,49,-N0s9C63pSo(49)__r01,skeletons/Dudamel/-N0s9C63pSo(49)__r01,29.970,778,523,6.11,keep,accept,,,
Dudamel,-N0s9C63pSo,56,-N0s9C63pSo(56)__r00,skeletons/Dudamel/-N0s9C63pSo(56)__r00,29.970,385,161,2.24,keep,accept,,,
Dudamel,1AWvFxfsFqY,4,1AWvFxfsFqY(04)__r00,skeletons/Dudamel/1AWvFxfsFqY(04)__r00,25.000,55,55,2.20,keep,,accept,,
Dudamel,1AWvFxfsFqY,6,1AWvFxfsFqY(06)__r00,skeletons/Dudamel/1AWvFxfsFqY(06)__r00,25.000,74,74,2.96,keep,,accept,,
Dudamel,1AWvFxfsFqY,7,1AWvFxfsFqY(07)__r00,skeletons/Dudamel/1AWvFxfsFqY(07)__r00,25.000,67,67,2.68,keep,,accept,,
Dudamel,1AWvFxfsFqY,12,1AWvFxfsFqY(12)__r00,skeletons/Dudamel/1AWvFxfsFqY(12)__r00,25.000,69,69,2.76,keep,,accept,,
Dudamel,3-E0GnKMNLU,1,3-E0GnKMNLU(01)__r00,skeletons/Dudamel/3-E0GnKMNLU(01)__r00,30.000,431,431,14.37,keep,,accept,,
Dudamel,3-E0GnKMNLU,4,3-E0GnKMNLU(04)__r00,skeletons/Dudamel/3-E0GnKMNLU(04)__r00,30.000,250,250,8.33,keep,,accept,,
Dudamel,3-E0GnKMNLU,5,3-E0GnKMNLU(05)__r00,skeletons/Dudamel/3-E0GnKMNLU(05)__r00,30.000,78,78,2.60,keep,,accept,,
Dudamel,3-E0GnKMNLU,7,3-E0GnKMNLU(07)__r00,skeletons/Dudamel/3-E0GnKMNLU(07)__r00,30.000,75,75,2.50,keep,,accept,,
Dudamel,3-E0GnKMNLU,8,3-E0GnKMNLU(08)__r00,skeletons/Dudamel/3-E0GnKMNLU(08)__r00,30.000,138,138,4.60,keep,,accept,,
Dudamel,3-E0GnKMNLU,9,3-E0GnKMNLU(09)__r00,skeletons/Dudamel/3-E0GnKMNLU(09)__r00,30.000,181,181,6.03,keep,,accept,,
Dudamel,3-E0GnKMNLU,10,3-E0GnKMNLU(10)__r00,skeletons/Dudamel/3-E0GnKMNLU(10)__r00,30.000,246,246,8.20,keep,,accept,,
Dudamel,3-E0GnKMNLU,11,3-E0GnKMNLU(11)__r00,skeletons/Dudamel/3-E0GnKMNLU(11)__r00,30.000,278,278,9.27,keep,,accept,,
Dudamel,3-E0GnKMNLU,12,3-E0GnKMNLU(12)__r00,skeletons/Dudamel/3-E0GnKMNLU(12)__r00,30.000,165,165,5.50,keep,,accept,,
Dudamel,3-E0GnKMNLU,16,3-E0GnKMNLU(16)__r00,skeletons/Dudamel/3-E0GnKMNLU(16)__r00,30.000,167,162,5.40,keep,,accept,,
Dudamel,3-E0GnKMNLU,17,3-E0GnKMNLU(17)__r00,skeletons/Dudamel/3-E0GnKMNLU(17)__r00,30.000,894,841,16.43,keep,,accept,,
Dudamel,3-E0GnKMNLU,17,3-E0GnKMNLU(17)__r01,skeletons/Dudamel/3-E0GnKMNLU(17)__r01,30.000,97,97,3.23,keep,,accept,,
Dudamel,3-E0GnKMNLU,19,3-E0GnKMNLU(19)__r00,skeletons/Dudamel/3-E0GnKMNLU(19)__r00,30.000,179,150,2.50,keep,,accept,,
Dudamel,3-E0GnKMNLU,20,3-E0GnKMNLU(20)__r00,skeletons/Dudamel/3-E0GnKMNLU(20)__r00,30.000,591,340,3.40,keep,,accept,,
Dudamel,3-E0GnKMNLU,22,3-E0GnKMNLU(22)__r00,skeletons/Dudamel/3-E0GnKMNLU(22)__r00,30.000,194,184,6.13,keep,,accept,,
Dudamel,4geywAF2_iQ,1,4geywAF2_iQ(01)__r00,skeletons/Dudamel/4geywAF2_iQ(01)__r00,25.000,68,68,2.72,keep,,accept,,
Dudamel,4geywAF2_iQ,2,4geywAF2_iQ(02)__r00,skeletons/Dudamel/4geywAF2_iQ(02)__r00,25.000,204,204,8.16,keep,,accept,,
Dudamel,4geywAF2_iQ,3,4geywAF2_iQ(03)__r00,skeletons/Dudamel/4geywAF2_iQ(03)__r00,25.000,332,332,13.28,keep,,accept,,
Dudamel,4geywAF2_iQ,4,4geywAF2_iQ(04)__r00,skeletons/Dudamel/4geywAF2_iQ(04)__r00,25.000,179,179,7.16,keep,,accept,,
Dudamel,4geywAF2_iQ,5,4geywAF2_iQ(05)__r00,skeletons/Dudamel/4geywAF2_iQ(05)__r00,25.000,137,137,5.48,keep,,accept,,
Dudamel,4geywAF2_iQ,7,4geywAF2_iQ(07)__r00,skeletons/Dudamel/4geywAF2_iQ(07)__r00,25.000,65,65,2.60,keep,,accept,,
Dudamel,4geywAF2_iQ,8,4geywAF2_iQ(08)__r00,skeletons/Dudamel/4geywAF2_iQ(08)__r00,25.000,61,61,2.44,keep,,accept,,
Dudamel,4geywAF2_iQ,10,4geywAF2_iQ(10)__r00,skeletons/Dudamel/4geywAF2_iQ(10)__r00,25.000,311,311,12.44,keep,,accept,,
Dudamel,4geywAF2_iQ,13,4geywAF2_iQ(13)__r00,skeletons/Dudamel/4geywAF2_iQ(13)__r00,25.000,79,79,3.16,keep,,accept,,
Dudamel,4geywAF2_iQ,13,4geywAF2_iQ(13)__r01,skeletons/Dudamel/4geywAF2_iQ(13)__r01,25.000,164,164,6.56,keep,,accept,,
Dudamel,4geywAF2_iQ,14,4geywAF2_iQ(14)__r00,skeletons/Dudamel/4geywAF2_iQ(14)__r00,25.000,168,168,6.72,keep,,accept,,
Dudamel,4geywAF2_iQ,16,4geywAF2_iQ(16)__r00,skeletons/Dudamel/4geywAF2_iQ(16)__r00,25.000,203,203,8.12,keep,,accept,,
Dudamel,4geywAF2_iQ,18,4geywAF2_iQ(18)__r00,skeletons/Dudamel/4geywAF2_iQ(18)__r00,25.000,107,107,4.28,keep,,accept,,
Dudamel,4geywAF2_iQ,18,4geywAF2_iQ(18)__r01,skeletons/Dudamel/4geywAF2_iQ(18)__r01,25.000,130,95,2.20,keep,,accept,,
Dudamel,4geywAF2_iQ,19,4geywAF2_iQ(19)__r00,skeletons/Dudamel/4geywAF2_iQ(19)__r00,25.000,165,165,6.60,keep,,accept,,
Dudamel,4geywAF2_iQ,21,4geywAF2_iQ(21)__r00,skeletons/Dudamel/4geywAF2_iQ(21)__r00,25.000,138,138,5.52,keep,,accept,,
Dudamel,4geywAF2_iQ,23,4geywAF2_iQ(23)__r00,skeletons/Dudamel/4geywAF2_iQ(23)__r00,25.000,106,106,4.24,keep,,accept,,
Dudamel,4geywAF2_iQ,24,4geywAF2_iQ(24)__r00,skeletons/Dudamel/4geywAF2_iQ(24)__r00,25.000,104,104,4.16,keep,,accept,,
Dudamel,4geywAF2_iQ,25,4geywAF2_iQ(25)__r00,skeletons/Dudamel/4geywAF2_iQ(25)__r00,25.000,131,131,5.24,keep,,accept,,
Dudamel,4geywAF2_iQ,27,4geywAF2_iQ(27)__r00,skeletons/Dudamel/4geywAF2_iQ(27)__r00,25.000,107,107,4.28,keep,,accept,,
Dudamel,60mRj_9Rybc,1,60mRj_9Rybc(01)__r00,skeletons/Dudamel/60mRj_9Rybc(01)__r00,25.000,95,95,3.80,keep,,accept,,
Dudamel,60mRj_9Rybc,3,60mRj_9Rybc(03)__r01,skeletons/Dudamel/60mRj_9Rybc(03)__r01,25.000,171,156,6.24,keep,,accept,,
Dudamel,60mRj_9Rybc,6,60mRj_9Rybc(06)__r00,skeletons/Dudamel/60mRj_9Rybc(06)__r00,25.000,122,122,3.60,keep,,accept,,
Dudamel,60mRj_9Rybc,7,60mRj_9Rybc(07)__r00,skeletons/Dudamel/60mRj_9Rybc(07)__r00,25.000,161,161,6.44,keep,,accept,,
Dudamel,60mRj_9Rybc,8,60mRj_9Rybc(08)__r00,skeletons/Dudamel/60mRj_9Rybc(08)__r00,25.000,422,422,16.88,keep,,accept,,
Dudamel,60mRj_9Rybc,9,60mRj_9Rybc(09)__r00,skeletons/Dudamel/60mRj_9Rybc(09)__r00,25.000,88,74,2.96,keep,,accept,,
Dudamel,60mRj_9Rybc,11,60mRj_9Rybc(11)__r00,skeletons/Dudamel/60mRj_9Rybc(11)__r00,25.000,231,231,9.24,keep,,accept,,
Dudamel,60mRj_9Rybc,13,60mRj_9Rybc(13)__r00,skeletons/Dudamel/60mRj_9Rybc(13)__r00,25.000,95,95,3.80,keep,,accept,,
Dudamel,60mRj_9Rybc,15,60mRj_9Rybc(15)__r01,skeletons/Dudamel/60mRj_9Rybc(15)__r01,25.000,171,156,6.24,keep,,accept,,
Dudamel,60mRj_9Rybc,18,60mRj_9Rybc(18)__r00,skeletons/Dudamel/60mRj_9Rybc(18)__r00,25.000,158,158,3.60,keep,,accept,,
Dudamel,60mRj_9Rybc,19,60mRj_9Rybc(19)__r00,skeletons/Dudamel/60mRj_9Rybc(19)__r00,25.000,88,74,2.96,keep,,accept,,
Dudamel,60mRj_9Rybc,20,60mRj_9Rybc(20)__r00,skeletons/Dudamel/60mRj_9Rybc(20)__r00,25.000,231,231,9.24,keep,,accept,,
Dudamel,60mRj_9Rybc,22,60mRj_9Rybc(22)__r00,skeletons/Dudamel/60mRj_9Rybc(22)__r00,25.000,95,95,3.80,keep,,accept,,
Dudamel,60mRj_9Rybc,24,60mRj_9Rybc(24)__r00,skeletons/Dudamel/60mRj_9Rybc(24)__r00,25.000,50,50,2.00,keep,,accept,,
Dudamel,60mRj_9Rybc,24,60mRj_9Rybc(24)__r01,skeletons/Dudamel/60mRj_9Rybc(24)__r01,25.000,172,156,6.24,keep,,accept,,
Dudamel,60mRj_9Rybc,27,60mRj_9Rybc(27)__r00,skeletons/Dudamel/60mRj_9Rybc(27)__r00,25.000,121,121,4.84,keep,,accept,,
Dudamel,60mRj_9Rybc,29,60mRj_9Rybc(29)__r00,skeletons/Dudamel/60mRj_9Rybc(29)__r00,25.000,161,161,6.44,keep,,accept,,
Dudamel,60mRj_9Rybc,30,60mRj_9Rybc(30)__r00,skeletons/Dudamel/60mRj_9Rybc(30)__r00,25.000,423,423,16.92,keep,,accept,,
Dudamel,60mRj_9Rybc,31,60mRj_9Rybc(31)__r00,skeletons/Dudamel/60mRj_9Rybc(31)__r00,25.000,88,76,3.04,keep,,accept,,
Dudamel,60mRj_9Rybc,32,60mRj_9Rybc(32)__r00,skeletons/Dudamel/60mRj_9Rybc(32)__r00,25.000,231,231,9.24,keep,,accept,,
Dudamel,60mRj_9Rybc,34,60mRj_9Rybc(34)__r00,skeletons/Dudamel/60mRj_9Rybc(34)__r00,25.000,95,95,3.80,keep,,accept,,
Dudamel,60mRj_9Rybc,36,60mRj_9Rybc(36)__r01,skeletons/Dudamel/60mRj_9Rybc(36)__r01,25.000,172,156,6.24,keep,,accept,,
Dudamel,60mRj_9Rybc,39,60mRj_9Rybc(39)__r00,skeletons/Dudamel/60mRj_9Rybc(39)__r00,25.000,122,90,3.60,keep,,accept,,
Dudamel,60mRj_9Rybc,40,60mRj_9Rybc(40)__r00,skeletons/Dudamel/60mRj_9Rybc(40)__r00,25.000,88,74,2.96,keep,,accept,,
Dudamel,60mRj_9Rybc,41,60mRj_9Rybc(41)__r00,skeletons/Dudamel/60mRj_9Rybc(41)__r00,25.000,231,231,9.24,keep,,accept,,
Dudamel,BxX1obB9GKk,2,BxX1obB9GKk(02)__r00,skeletons/Dudamel/BxX1obB9GKk(02)__r00,23.976,95,94,3.92,keep,,accept,,
Dudamel,BxX1obB9GKk,3,BxX1obB9GKk(03)__r00,skeletons/Dudamel/BxX1obB9GKk(03)__r00,23.976,63,49,2.04,keep,,accept,,
Dudamel,BxX1obB9GKk,4,BxX1obB9GKk(04)__r00,skeletons/Dudamel/BxX1obB9GKk(04)__r00,23.976,98,98,4.09,keep,,accept,,
Dudamel,BxX1obB9GKk,6,BxX1obB9GKk(06)__r00,skeletons/Dudamel/BxX1obB9GKk(06)__r00,23.976,198,168,5.88,keep,,accept,,
Dudamel,BxX1obB9GKk,7,BxX1obB9GKk(07)__r00,skeletons/Dudamel/BxX1obB9GKk(07)__r00,23.976,104,104,4.34,keep,,accept,,
Dudamel,BxX1obB9GKk,8,BxX1obB9GKk(08)__r00,skeletons/Dudamel/BxX1obB9GKk(08)__r00,23.976,213,119,2.67,keep,,accept,,
Dudamel,BxX1obB9GKk,9,BxX1obB9GKk(09)__r00,skeletons/Dudamel/BxX1obB9GKk(09)__r00,23.976,121,121,5.05,keep,,accept,,
Dudamel,BxX1obB9GKk,10,BxX1obB9GKk(10)__r00,skeletons/Dudamel/BxX1obB9GKk(10)__r00,23.976,73,73,3.04,keep,,accept,,
Dudamel,BxX1obB9GKk,11,BxX1obB9GKk(11)__r00,skeletons/Dudamel/BxX1obB9GKk(11)__r00,23.976,115,115,4.80,keep,,accept,,
Dudamel,BxX1obB9GKk,12,BxX1obB9GKk(12)__r00,skeletons/Dudamel/BxX1obB9GKk(12)__r00,23.976,74,74,3.09,keep,,accept,,
Dudamel,BxX1obB9GKk,14,BxX1obB9GKk(14)__r00,skeletons/Dudamel/BxX1obB9GKk(14)__r00,23.976,91,89,2.29,keep,,accept,,
Dudamel,BxX1obB9GKk,15,BxX1obB9GKk(15)__r00,skeletons/Dudamel/BxX1obB9GKk(15)__r00,23.976,83,83,3.46,keep,,accept,,
Dudamel,BxX1obB9GKk,17,BxX1obB9GKk(17)__r00,skeletons/Dudamel/BxX1obB9GKk(17)__r00,23.976,74,74,3.09,keep,,accept,,
Dudamel,BxX1obB9GKk,19,BxX1obB9GKk(19)__r00,skeletons/Dudamel/BxX1obB9GKk(19)__r00,23.976,82,82,3.42,keep,,accept,,
Dudamel,BxX1obB9GKk,20,BxX1obB9GKk(20)__r00,skeletons/Dudamel/BxX1obB9GKk(20)__r00,23.976,88,88,3.67,keep,,accept,,
Dudamel,ESilvOS2O9k,1,ESilvOS2O9k(01)__r00,skeletons/Dudamel/ESilvOS2O9k(01)__r00,25.000,86,86,3.44,keep,,accept,,
Dudamel,ESilvOS2O9k,2,ESilvOS2O9k(02)__r01,skeletons/Dudamel/ESilvOS2O9k(02)__r01,25.000,105,100,4.00,keep,,accept,,
Dudamel,ESilvOS2O9k,2,ESilvOS2O9k(02)__r02,skeletons/Dudamel/ESilvOS2O9k(02)__r02,25.000,309,221,5.12,keep,,accept,,
Dudamel,ESilvOS2O9k,4,ESilvOS2O9k(04)__r00,skeletons/Dudamel/ESilvOS2O9k(04)__r00,25.000,206,180,3.80,keep,,accept,,
Dudamel,ESilvOS2O9k,5,ESilvOS2O9k(05)__r00,skeletons/Dudamel/ESilvOS2O9k(05)__r00,25.000,96,88,2.04,keep,,accept,,
Dudamel,ESilvOS2O9k,6,ESilvOS2O9k(06)__r00,skeletons/Dudamel/ESilvOS2O9k(06)__r00,25.000,85,85,3.40,keep,,accept,,
Dudamel,ESilvOS2O9k,6,ESilvOS2O9k(06)__r02,skeletons/Dudamel/ESilvOS2O9k(06)__r02,25.000,100,100,4.00,keep,,accept,,
Dudamel,ESilvOS2O9k,6,ESilvOS2O9k(06)__r03,skeletons/Dudamel/ESilvOS2O9k(06)__r03,25.000,169,169,6.76,keep,,accept,,
Dudamel,ESilvOS2O9k,7,ESilvOS2O9k(07)__r00,skeletons/Dudamel/ESilvOS2O9k(07)__r00,25.000,218,218,8.72,keep,,accept,,
Dudamel,ESilvOS2O9k,8,ESilvOS2O9k(08)__r00,skeletons/Dudamel/ESilvOS2O9k(08)__r00,25.000,72,72,2.88,keep,,accept,,
Dudamel,EoyRy3FpoFk,2,EoyRy3FpoFk(02)__r00,skeletons/Dudamel/EoyRy3FpoFk(02)__r00,29.970,373,373,12.45,keep,,accept,,
Dudamel,EoyRy3FpoFk,3,EoyRy3FpoFk(03)__r00,skeletons/Dudamel/EoyRy3FpoFk(03)__r00,29.970,148,120,2.57,keep,,accept,,
Dudamel,EoyRy3FpoFk,4,EoyRy3FpoFk(04)__r00,skeletons/Dudamel/EoyRy3FpoFk(04)__r00,29.970,80,80,2.67,keep,,accept,,
Dudamel,EoyRy3FpoFk,6,EoyRy3FpoFk(06)__r00,skeletons/Dudamel/EoyRy3FpoFk(06)__r00,29.970,95,92,3.07,keep,,accept,,
Dudamel,EoyRy3FpoFk,8,EoyRy3FpoFk(08)__r00,skeletons/Dudamel/EoyRy3FpoFk(08)__r00,29.970,349,343,11.44,keep,,accept,,
Dudamel,EoyRy3FpoFk,10,EoyRy3FpoFk(10)__r00,skeletons/Dudamel/EoyRy3FpoFk(10)__r00,29.970,290,264,3.74,keep,,accept,,
Dudamel,EoyRy3FpoFk,11,EoyRy3FpoFk(11)__r00,skeletons/Dudamel/EoyRy3FpoFk(11)__r00,29.970,140,139,4.64,keep,,accept,,
Dudamel,EoyRy3FpoFk,12,EoyRy3FpoFk(12)__r00,skeletons/Dudamel/EoyRy3FpoFk(12)__r00,29.970,207,169,4.60,keep,,accept,,
Dudamel,GkwxtnjuA3s,3,GkwxtnjuA3s(03)__r00,skeletons/Dudamel/GkwxtnjuA3s(03)__r00,25.000,86,86,3.44,keep,,accept,,
Dudamel,GkwxtnjuA3s,7,GkwxtnjuA3s(07)__r00,skeletons/Dudamel/GkwxtnjuA3s(07)__r00,25.000,60,60,2.40,keep,,accept,,
Dudamel,GkwxtnjuA3s,10,GkwxtnjuA3s(10)__r00,skeletons/Dudamel/GkwxtnjuA3s(10)__r00,25.000,68,52,2.08,keep,,accept,,
Dudamel,GkwxtnjuA3s,19,GkwxtnjuA3s(19)__r00,skeletons/Dudamel/GkwxtnjuA3s(19)__r00,25.000,79,79,3.16,keep,,accept,,
Dudamel,Gsl0t6qFie0,4,Gsl0t6qFie0(04)__r00,skeletons/Dudamel/Gsl0t6qFie0(04)__r00,25.000,225,225,9.00,keep,,accept,,
Dudamel,Gsl0t6qFie0,5,Gsl0t6qFie0(05)__r01,skeletons/Dudamel/Gsl0t6qFie0(05)__r01,25.000,78,78,3.12,keep,,accept,,
Dudamel,Gsl0t6qFie0,6,Gsl0t6qFie0(06)__r00,skeletons/Dudamel/Gsl0t6qFie0(06)__r00,25.000,196,196,7.84,keep,,accept,,
Dudamel,Gsl0t6qFie0,7,Gsl0t6qFie0(07)__r00,skeletons/Dudamel/Gsl0t6qFie0(07)__r00,25.000,265,265,10.60,keep,,accept,,
Dudamel,Gsl0t6qFie0,9,Gsl0t6qFie0(09)__r00,skeletons/Dudamel/Gsl0t6qFie0(09)__r00,25.000,219,196,4.32,keep,,accept,,
Dudamel,Gsl0t6qFie0,10,Gsl0t6qFie0(10)__r00,skeletons/Dudamel/Gsl0t6qFie0(10)__r00,25.000,64,64,2.56,keep,,accept,,
Dudamel,Gsl0t6qFie0,12,Gsl0t6qFie0(12)__r00,skeletons/Dudamel/Gsl0t6qFie0(12)__r00,25.000,339,339,13.56,keep,,accept,,
Dudamel,Gsl0t6qFie0,13,Gsl0t6qFie0(13)__r00,skeletons/Dudamel/Gsl0t6qFie0(13)__r00,25.000,162,162,6.48,keep,,accept,,
Dudamel,Gsl0t6qFie0,18,Gsl0t6qFie0(18)__r00,skeletons/Dudamel/Gsl0t6qFie0(18)__r00,25.000,51,51,2.04,keep,,accept,,
Dudamel,LT0lf8CFfzI,1,LT0lf8CFfzI(01)__r00,skeletons/Dudamel/LT0lf8CFfzI(01)__r00,25.000,83,83,3.32,keep,,accept,,
Dudamel,LT0lf8CFfzI,2,LT0lf8CFfzI(02)__r02,skeletons/Dudamel/LT0lf8CFfzI(02)__r02,25.000,79,79,3.16,keep,,accept,,
Dudamel,LT0lf8CFfzI,4,LT0lf8CFfzI(04)__r00,skeletons/Dudamel/LT0lf8CFfzI(04)__r00,25.000,277,277,11.08,keep,,accept,,
Dudamel,LT0lf8CFfzI,5,LT0lf8CFfzI(05)__r00,skeletons/Dudamel/LT0lf8CFfzI(05)__r00,25.000,129,97,3.88,keep,,accept,,
Dudamel,LT0lf8CFfzI,6,LT0lf8CFfzI(06)__r00,skeletons/Dudamel/LT0lf8CFfzI(06)__r00,25.000,250,250,7.28,keep,,accept,,
Dudamel,LT0lf8CFfzI,7,LT0lf8CFfzI(07)__r00,skeletons/Dudamel/LT0lf8CFfzI(07)__r00,25.000,363,200,5.76,keep,accept,,,
Dudamel,LT0lf8CFfzI,9,LT0lf8CFfzI(09)__r00,skeletons/Dudamel/LT0lf8CFfzI(09)__r00,25.000,214,206,8.24,keep,,accept,,
Dudamel,LT0lf8CFfzI,10,LT0lf8CFfzI(10)__r00,skeletons/Dudamel/LT0lf8CFfzI(10)__r00,25.000,121,118,4.72,keep,,accept,,
Dudamel,LT0lf8CFfzI,13,LT0lf8CFfzI(13)__r00,skeletons/Dudamel/LT0lf8CFfzI(13)__r00,25.000,154,132,2.92,keep,,accept,,
Dudamel,LT0lf8CFfzI,15,LT0lf8CFfzI(15)__r00,skeletons/Dudamel/LT0lf8CFfzI(15)__r00,25.000,161,161,6.44,keep,,accept,,
Dudamel,LT0lf8CFfzI,16,LT0lf8CFfzI(16)__r00,skeletons/Dudamel/LT0lf8CFfzI(16)__r00,25.000,138,138,5.52,keep,,accept,,
Dudamel,LT0lf8CFfzI,17,LT0lf8CFfzI(17)__r00,skeletons/Dudamel/LT0lf8CFfzI(17)__r00,25.000,84,59,2.36,keep,accept,,,
Dudamel,LT0lf8CFfzI,18,LT0lf8CFfzI(18)__r00,skeletons/Dudamel/LT0lf8CFfzI(18)__r00,25.000,121,121,4.84,keep,,accept,,
Dudamel,LT0lf8CFfzI,19,LT0lf8CFfzI(19)__r00,skeletons/Dudamel/LT0lf8CFfzI(19)__r00,25.000,202,201,8.04,keep,,accept,,
Dudamel,LT0lf8CFfzI,20,LT0lf8CFfzI(20)__r00,skeletons/Dudamel/LT0lf8CFfzI(20)__r00,25.000,50,50,2.00,keep,,accept,,
Dudamel,LT0lf8CFfzI,24,LT0lf8CFfzI(24)__r00,skeletons/Dudamel/LT0lf8CFfzI(24)__r00,25.000,136,127,3.52,keep,,accept,,
Dudamel,LT0lf8CFfzI,25,LT0lf8CFfzI(25)__r00,skeletons/Dudamel/LT0lf8CFfzI(25)__r00,25.000,326,143,2.92,keep,,accept,,
Dudamel,LT0lf8CFfzI,28,LT0lf8CFfzI(28)__r00,skeletons/Dudamel/LT0lf8CFfzI(28)__r00,25.000,68,68,2.72,keep,,accept,,
Dudamel,LT0lf8CFfzI,29,LT0lf8CFfzI(29)__r00,skeletons/Dudamel/LT0lf8CFfzI(29)__r00,25.000,248,248,9.92,keep,,accept,,
Dudamel,LT0lf8CFfzI,32,LT0lf8CFfzI(32)__r00,skeletons/Dudamel/LT0lf8CFfzI(32)__r00,25.000,131,131,5.24,keep,,accept,,
Dudamel,LT0lf8CFfzI,34,LT0lf8CFfzI(34)__r01,skeletons/Dudamel/LT0lf8CFfzI(34)__r01,25.000,126,110,4.40,keep,,accept,,
Dudamel,LT0lf8CFfzI,37,LT0lf8CFfzI(37)__r00,skeletons/Dudamel/LT0lf8CFfzI(37)__r00,25.000,72,72,2.88,keep,,accept,,
Dudamel,LT0lf8CFfzI,39,LT0lf8CFfzI(39)__r00,skeletons/Dudamel/LT0lf8CFfzI(39)__r00,25.000,148,148,5.92,keep,,accept,,
Dudamel,M0Px44IuVKM,1,M0Px44IuVKM(01)__r00,skeletons/Dudamel/M0Px44IuVKM(01)__r00,29.970,205,205,6.84,keep,,accept,,
Dudamel,M0Px44IuVKM,2,M0Px44IuVKM(02)__r00,skeletons/Dudamel/M0Px44IuVKM(02)__r00,29.970,148,147,4.90,keep,,accept,,
Dudamel,M0Px44IuVKM,5,M0Px44IuVKM(05)__r00,skeletons/Dudamel/M0Px44IuVKM(05)__r00,29.970,66,65,2.17,keep,,accept,,
Dudamel,M0Px44IuVKM,6,M0Px44IuVKM(06)__r00,skeletons/Dudamel/M0Px44IuVKM(06)__r00,29.970,307,307,10.24,keep,,accept,,
Dudamel,M0Px44IuVKM,7,M0Px44IuVKM(07)__r00,skeletons/Dudamel/M0Px44IuVKM(07)__r00,29.970,85,85,2.84,keep,,accept,,
Dudamel,M0Px44IuVKM,9,M0Px44IuVKM(09)__r00,skeletons/Dudamel/M0Px44IuVKM(09)__r00,29.970,146,146,4.87,keep,,accept,,
Dudamel,M0Px44IuVKM,10,M0Px44IuVKM(10)__r00,skeletons/Dudamel/M0Px44IuVKM(10)__r00,29.970,155,155,5.17,keep,,accept,,
Dudamel,M0Px44IuVKM,19,M0Px44IuVKM(19)__r00,skeletons/Dudamel/M0Px44IuVKM(19)__r00,29.970,372,349,11.64,keep,,accept,,
Dudamel,NYvEvP2cmdk,2,NYvEvP2cmdk(02)__r00,skeletons/Dudamel/NYvEvP2cmdk(02)__r00,25.000,63,63,2.52,keep,,accept,,
Dudamel,NYvEvP2cmdk,8,NYvEvP2cmdk(08)__r00,skeletons/Dudamel/NYvEvP2cmdk(08)__r00,25.000,58,58,2.32,keep,,accept,,
Dudamel,SSypujlLlNI,1,SSypujlLlNI(01)__r00,skeletons/Dudamel/SSypujlLlNI(01)__r00,25.000,878,870,17.68,keep,,accept,,
Dudamel,SSypujlLlNI,2,SSypujlLlNI(02)__r00,skeletons/Dudamel/SSypujlLlNI(02)__r00,25.000,66,66,2.64,keep,,accept,,
Dudamel,SSypujlLlNI,4,SSypujlLlNI(04)__r00,skeletons/Dudamel/SSypujlLlNI(04)__r00,25.000,120,120,4.80,keep,,accept,,
Dudamel,SSypujlLlNI,6,SSypujlLlNI(06)__r00,skeletons/Dudamel/SSypujlLlNI(06)__r00,25.000,113,111,2.80,keep,,accept,,
Dudamel,SSypujlLlNI,8,SSypujlLlNI(08)__r01,skeletons/Dudamel/SSypujlLlNI(08)__r01,25.000,107,107,4.28,keep,,accept,,
Dudamel,SSypujlLlNI,11,SSypujlLlNI(11)__r00,skeletons/Dudamel/SSypujlLlNI(11)__r00,25.000,219,214,6.48,keep,,accept,,
Dudamel,SSypujlLlNI,12,SSypujlLlNI(12)__r00,skeletons/Dudamel/SSypujlLlNI(12)__r00,25.000,331,331,13.24,keep,,accept,,
Dudamel,SSypujlLlNI,13,SSypujlLlNI(13)__r00,skeletons/Dudamel/SSypujlLlNI(13)__r00,25.000,282,277,8.28,keep,,accept,,
Dudamel,SSypujlLlNI,13,SSypujlLlNI(13)__r01,skeletons/Dudamel/SSypujlLlNI(13)__r01,25.000,175,168,3.24,keep,,accept,,
Dudamel,SSypujlLlNI,14,SSypujlLlNI(14)__r00,skeletons/Dudamel/SSypujlLlNI(14)__r00,25.000,57,57,2.28,keep,,accept,,
Dudamel,SSypujlLlNI,15,SSypujlLlNI(15)__r00,skeletons/Dudamel/SSypujlLlNI(15)__r00,25.000,211,208,6.16,keep,,accept,,
Dudamel,SSypujlLlNI,16,SSypujlLlNI(16)__r00,skeletons/Dudamel/SSypujlLlNI(16)__r00,25.000,288,288,11.52,keep,,accept,,
Dudamel,SSypujlLlNI,17,SSypujlLlNI(17)__r00,skeletons/Dudamel/SSypujlLlNI(17)__r00,25.000,76,74,2.96,keep,,accept,,
Dudamel,SSypujlLlNI,18,SSypujlLlNI(18)__r00,skeletons/Dudamel/SSypujlLlNI(18)__r00,25.000,78,78,3.12,keep,,accept,,
Dudamel,SSypujlLlNI,23,SSypujlLlNI(23)__r00,skeletons/Dudamel/SSypujlLlNI(23)__r00,25.000,331,331,13.24,keep,,accept,,
Dudamel,SSypujlLlNI,29,SSypujlLlNI(29)__r00,skeletons/Dudamel/SSypujlLlNI(29)__r00,25.000,57,57,2.28,keep,,accept,,
Dudamel,SSypujlLlNI,30,SSypujlLlNI(30)__r01,skeletons/Dudamel/SSypujlLlNI(30)__r01,25.000,147,147,5.88,keep,,accept,,
Dudamel,SSypujlLlNI,32,SSypujlLlNI(32)__r01,skeletons/Dudamel/SSypujlLlNI(32)__r01,25.000,259,259,10.36,keep,,accept,,
Dudamel,SSypujlLlNI,37,SSypujlLlNI(37)__r00,skeletons/Dudamel/SSypujlLlNI(37)__r00,25.000,78,78,3.12,keep,,accept,,
Dudamel,TpCiGyRlEiU,2,TpCiGyRlEiU(02)__r00,skeletons/Dudamel/TpCiGyRlEiU(02)__r00,25.000,291,291,8.28,keep,,accept,,
Dudamel,TpCiGyRlEiU,3,TpCiGyRlEiU(03)__r00,skeletons/Dudamel/TpCiGyRlEiU(03)__r00,25.000,51,51,2.04,keep,,accept,,
Dudamel,TpCiGyRlEiU,4,TpCiGyRlEiU(04)__r00,skeletons/Dudamel/TpCiGyRlEiU(04)__r00,25.000,365,365,14.60,keep,,accept,,
Dudamel,TpCiGyRlEiU,5,TpCiGyRlEiU(05)__r00,skeletons/Dudamel/TpCiGyRlEiU(05)__r00,25.000,205,205,8.20,keep,,accept,,
Dudamel,TpCiGyRlEiU,6,TpCiGyRlEiU(06)__r00,skeletons/Dudamel/TpCiGyRlEiU(06)__r00,25.000,179,179,7.16,keep,,accept,,
Dudamel,TpCiGyRlEiU,7,TpCiGyRlEiU(07)__r00,skeletons/Dudamel/TpCiGyRlEiU(07)__r00,25.000,112,84,3.36,keep,accept,,,
Dudamel,TpCiGyRlEiU,8,TpCiGyRlEiU(08)__r00,skeletons/Dudamel/TpCiGyRlEiU(08)__r00,25.000,57,57,2.28,keep,,accept,,
Dudamel,TpCiGyRlEiU,9,TpCiGyRlEiU(09)__r00,skeletons/Dudamel/TpCiGyRlEiU(09)__r00,25.000,217,217,8.68,keep,,accept,,
Dudamel,TpCiGyRlEiU,10,TpCiGyRlEiU(10)__r00,skeletons/Dudamel/TpCiGyRlEiU(10)__r00,25.000,67,67,2.68,keep,,accept,,
Dudamel,TpCiGyRlEiU,11,TpCiGyRlEiU(11)__r00,skeletons/Dudamel/TpCiGyRlEiU(11)__r00,25.000,128,128,5.12,keep,,accept,,
Dudamel,TpCiGyRlEiU,12,TpCiGyRlEiU(12)__r00,skeletons/Dudamel/TpCiGyRlEiU(12)__r00,25.000,166,166,6.64,keep,,accept,,
Dudamel,TpCiGyRlEiU,13,TpCiGyRlEiU(13)__r00,skeletons/Dudamel/TpCiGyRlEiU(13)__r00,25.000,315,315,12.60,keep,,accept,,
Dudamel,TpCiGyRlEiU,14,TpCiGyRlEiU(14)__r00,skeletons/Dudamel/TpCiGyRlEiU(14)__r00,25.000,131,131,5.24,keep,,accept,,
Dudamel,TpCiGyRlEiU,15,TpCiGyRlEiU(15)__r00,skeletons/Dudamel/TpCiGyRlEiU(15)__r00,25.000,434,417,16.68,keep,,accept,,
Dudamel,TpCiGyRlEiU,16,TpCiGyRlEiU(16)__r00,skeletons/Dudamel/TpCiGyRlEiU(16)__r00,25.000,70,70,2.80,keep,,accept,,
Dudamel,TpCiGyRlEiU,16,TpCiGyRlEiU(16)__r01,skeletons/Dudamel/TpCiGyRlEiU(16)__r01,25.000,325,254,4.16,keep,,accept,,
Dudamel,TpCiGyRlEiU,17,TpCiGyRlEiU(17)__r00,skeletons/Dudamel/TpCiGyRlEiU(17)__r00,25.000,110,110,4.40,keep,,accept,,
Dudamel,TpCiGyRlEiU,37,TpCiGyRlEiU(37)_c00__r00,skeletons/Dudamel/TpCiGyRlEiU(37)_c00__r00,25.000,140,140,5.60,keep,accept,,,
Dudamel,VghJWGQ2IU0,13,VghJWGQ2IU0(13)__r00,skeletons/Dudamel/VghJWGQ2IU0(13)__r00,25.000,80,80,3.20,keep,,accept,,
Dudamel,VghJWGQ2IU0,13,VghJWGQ2IU0(13)__r01,skeletons/Dudamel/VghJWGQ2IU0(13)__r01,25.000,93,93,3.72,keep,,accept,,
Dudamel,VghJWGQ2IU0,16,VghJWGQ2IU0(16)__r00,skeletons/Dudamel/VghJWGQ2IU0(16)__r00,25.000,64,64,2.56,keep,,accept,,
Dudamel,VghJWGQ2IU0,19,VghJWGQ2IU0(19)__r00,skeletons/Dudamel/VghJWGQ2IU0(19)__r00,25.000,238,238,9.52,keep,,accept,,
Dudamel,WAoLJ8GbA4Y,1,WAoLJ8GbA4Y(01)__r00,skeletons/Dudamel/WAoLJ8GbA4Y(01)__r00,25.000,175,175,7.00,keep,,accept,,
Dudamel,WAoLJ8GbA4Y,2,WAoLJ8GbA4Y(02)__r01,skeletons/Dudamel/WAoLJ8GbA4Y(02)__r01,25.000,260,260,10.40,keep,,accept,,
Dudamel,WAoLJ8GbA4Y,3,WAoLJ8GbA4Y(03)__r00,skeletons/Dudamel/WAoLJ8GbA4Y(03)__r00,25.000,288,288,11.52,keep,,accept,,
Dudamel,WAoLJ8GbA4Y,4,WAoLJ8GbA4Y(04)__r00,skeletons/Dudamel/WAoLJ8GbA4Y(04)__r00,25.000,140,140,5.60,keep,,accept,,
Dudamel,WuncoMFV9Hk,1,WuncoMFV9Hk(01)__r00,skeletons/Dudamel/WuncoMFV9Hk(01)__r00,25.000,149,146,5.84,keep,,accept,,
Dudamel,WuncoMFV9Hk,2,WuncoMFV9Hk(02)__r00,skeletons/Dudamel/WuncoMFV9Hk(02)__r00,25.000,67,55,2.20,keep,,accept,,
Dudamel,WuncoMFV9Hk,3,WuncoMFV9Hk(03)__r00,skeletons/Dudamel/WuncoMFV9Hk(03)__r00,25.000,52,52,2.08,keep,,accept,,
Dudamel,WuncoMFV9Hk,5,WuncoMFV9Hk(05)__r00,skeletons/Dudamel/WuncoMFV9Hk(05)__r00,25.000,84,74,2.96,keep,,accept,,
Dudamel,WuncoMFV9Hk,6,WuncoMFV9Hk(06)__r00,skeletons/Dudamel/WuncoMFV9Hk(06)__r00,25.000,92,86,3.44,keep,,accept,,
Dudamel,XDIYqv4gUQ4,2,XDIYqv4gUQ4(02)__r00,skeletons/Dudamel/XDIYqv4gUQ4(02)__r00,29.970,161,156,5.21,keep,,accept,,
Dudamel,XDIYqv4gUQ4,3,XDIYqv4gUQ4(03)__r00,skeletons/Dudamel/XDIYqv4gUQ4(03)__r00,29.970,188,141,4.70,keep,,accept,,
Dudamel,XDIYqv4gUQ4,6,XDIYqv4gUQ4(06)__r00,skeletons/Dudamel/XDIYqv4gUQ4(06)__r00,29.970,188,188,6.27,keep,,accept,,
Dudamel,XDIYqv4gUQ4,19,XDIYqv4gUQ4(19)__r00,skeletons/Dudamel/XDIYqv4gUQ4(19)__r00,29.970,216,216,7.21,keep,,accept,,
Dudamel,arACxgu8sRo,1,arACxgu8sRo(01)__r00,skeletons/Dudamel/arACxgu8sRo(01)__r00,25.000,179,179,7.16,keep,,accept,,
Dudamel,arACxgu8sRo,2,arACxgu8sRo(02)__r01,skeletons/Dudamel/arACxgu8sRo(02)__r01,25.000,260,260,10.40,keep,,accept,,
Dudamel,arACxgu8sRo,3,arACxgu8sRo(03)__r00,skeletons/Dudamel/arACxgu8sRo(03)__r00,25.000,288,288,11.52,keep,,accept,,
Dudamel,arACxgu8sRo,4,arACxgu8sRo(04)__r00,skeletons/Dudamel/arACxgu8sRo(04)__r00,25.000,137,137,5.48,keep,,accept,,
Dudamel,bcDCHnAd8N4,16,bcDCHnAd8N4(16)__r00,skeletons/Dudamel/bcDCHnAd8N4(16)__r00,23.976,118,112,4.67,keep,accept,,,
Dudamel,bcDCHnAd8N4,21,bcDCHnAd8N4(21)__r00,skeletons/Dudamel/bcDCHnAd8N4(21)__r00,23.976,125,97,2.84,keep,accept,,,
Dudamel,ddYhQoFxs4Y,1,ddYhQoFxs4Y(01)__r00,skeletons/Dudamel/ddYhQoFxs4Y(01)__r00,25.000,170,157,4.04,keep,,accept,,
Dudamel,ddYhQoFxs4Y,3,ddYhQoFxs4Y(03)__r00,skeletons/Dudamel/ddYhQoFxs4Y(03)__r00,25.000,117,117,4.68,keep,,accept,,
Dudamel,ddYhQoFxs4Y,6,ddYhQoFxs4Y(06)__r00,skeletons/Dudamel/ddYhQoFxs4Y(06)__r00,25.000,127,127,5.08,keep,,accept,,
Dudamel,ddYhQoFxs4Y,8,ddYhQoFxs4Y(08)__r00,skeletons/Dudamel/ddYhQoFxs4Y(08)__r00,25.000,127,112,4.48,keep,,accept,,
Dudamel,dmdv17avTGk,22,dmdv17avTGk(22)__r00,skeletons/Dudamel/dmdv17avTGk(22)__r00,30.000,150,125,2.73,keep,accept,,,
Dudamel,eZlPSnx_qK4,25,eZlPSnx_qK4(25)__r00,skeletons/Dudamel/eZlPSnx_qK4(25)__r00,25.000,53,53,2.12,keep,accept,,,
Dudamel,eZlPSnx_qK4,26,eZlPSnx_qK4(26)__r00,skeletons/Dudamel/eZlPSnx_qK4(26)__r00,25.000,67,67,2.68,keep,accept,,,
Dudamel,gv12AQrW9ws,6,gv12AQrW9ws(06)__r00,skeletons/Dudamel/gv12AQrW9ws(06)__r00,25.000,303,303,12.12,keep,,accept,,
Dudamel,jVDofBFtvwA,1,jVDofBFtvwA(01)__r00,skeletons/Dudamel/jVDofBFtvwA(01)__r00,25.000,383,270,2.32,keep,accept,,,
Dudamel,jVDofBFtvwA,9,jVDofBFtvwA(09)__r00,skeletons/Dudamel/jVDofBFtvwA(09)__r00,25.000,196,174,6.96,keep,accept,,,
Dudamel,jVDofBFtvwA,19,jVDofBFtvwA(19)__r01,skeletons/Dudamel/jVDofBFtvwA(19)__r01,25.000,233,180,2.44,keep,accept,,,
Dudamel,lFXXa6DOUm8,14,lFXXa6DOUm8(14)__r00,skeletons/Dudamel/lFXXa6DOUm8(14)__r00,25.000,55,55,2.20,keep,accept,,,
Dudamel,lFXXa6DOUm8,28,lFXXa6DOUm8(28)__r00,skeletons/Dudamel/lFXXa6DOUm8(28)__r00,25.000,148,148,5.92,keep,accept,,,
Dudamel,lFXXa6DOUm8,29,lFXXa6DOUm8(29)__r00,skeletons/Dudamel/lFXXa6DOUm8(29)__r00,25.000,91,83,3.32,keep,accept,,,
Dudamel,lFXXa6DOUm8,31,lFXXa6DOUm8(31)__r00,skeletons/Dudamel/lFXXa6DOUm8(31)__r00,25.000,63,63,2.52,keep,accept,,,
Dudamel,lFXXa6DOUm8,35,lFXXa6DOUm8(35)__r00,skeletons/Dudamel/lFXXa6DOUm8(35)__r00,25.000,314,314,12.56,keep,accept,,,
Dudamel,lFXXa6DOUm8,42,lFXXa6DOUm8(42)__r00,skeletons/Dudamel/lFXXa6DOUm8(42)__r00,25.000,59,59,2.36,keep,accept,,,
Dudamel,lFXXa6DOUm8,44,lFXXa6DOUm8(44)__r00,skeletons/Dudamel/lFXXa6DOUm8(44)__r00,25.000,70,51,2.04,keep,accept,,,
Dudamel,lFXXa6DOUm8,45,lFXXa6DOUm8(45)__r00,skeletons/Dudamel/lFXXa6DOUm8(45)__r00,25.000,80,77,3.08,keep,accept,,,
Dudamel,lFXXa6DOUm8,46,lFXXa6DOUm8(46)__r00,skeletons/Dudamel/lFXXa6DOUm8(46)__r00,25.000,249,222,3.12,keep,accept,,,
Dudamel,lVxN9jqnrx0,15,lVxN9jqnrx0(15)__r00,skeletons/Dudamel/lVxN9jqnrx0(15)__r00,29.970,393,146,2.47,keep,accept,,,
Dudamel,lVxN9jqnrx0,20,lVxN9jqnrx0(20)_c00__r00,skeletons/Dudamel/lVxN9jqnrx0(20)_c00__r00,29.970,127,73,2.44,keep,accept,,,
Dudamel,lVxN9jqnrx0,38,lVxN9jqnrx0(38)_c00__r02,skeletons/Dudamel/lVxN9jqnrx0(38)_c00__r02,29.970,82,75,2.50,keep,accept,,,
Dudamel,lVxN9jqnrx0,47,lVxN9jqnrx0(47)__r00,skeletons/Dudamel/lVxN9jqnrx0(47)__r00,29.970,682,300,2.07,keep,accept,,,
Dudamel,mNcQGsF2uIw,2,mNcQGsF2uIw(02)__r00,skeletons/Dudamel/mNcQGsF2uIw(02)__r00,25.000,185,185,7.40,keep,,accept,,
Dudamel,mNcQGsF2uIw,2,mNcQGsF2uIw(02)__r01,skeletons/Dudamel/mNcQGsF2uIw(02)__r01,25.000,188,188,7.52,keep,,accept,,
Dudamel,mNcQGsF2uIw,3,mNcQGsF2uIw(03)__r00,skeletons/Dudamel/mNcQGsF2uIw(03)__r00,25.000,97,97,3.88,keep,,accept,,
Dudamel,oLfWPHZzJdQ,5,oLfWPHZzJdQ(05)__r00,skeletons/Dudamel/oLfWPHZzJdQ(05)__r00,25.000,125,52,2.08,keep,,accept,,
Dudamel,rJWuV1iCSUk,11,rJWuV1iCSUk(11)__r01,skeletons/Dudamel/rJWuV1iCSUk(11)__r01,25.000,421,288,3.92,keep,accept,,,
Dudamel,rJWuV1iCSUk,20,rJWuV1iCSUk(20)__r01,skeletons/Dudamel/rJWuV1iCSUk(20)__r01,25.000,173,110,2.00,keep,accept,,,
Dudamel,tjff572AvCg,1,tjff572AvCg(01)__r00,skeletons/Dudamel/tjff572AvCg(01)__r00,25.000,145,123,2.84,keep,,accept,,
Dudamel,tjff572AvCg,1,tjff572AvCg(01)__r01,skeletons/Dudamel/tjff572AvCg(01)__r01,25.000,1105,1024,16.88,keep,,accept,,
Dudamel,tjff572AvCg,1,tjff572AvCg(01)__r02,skeletons/Dudamel/tjff572AvCg(01)__r02,25.000,1002,999,20.12,keep,,accept,,
Dudamel,tjff572AvCg,1,tjff572AvCg(01)__r03,skeletons/Dudamel/tjff572AvCg(01)__r03,25.000,5645,5504,25.88,keep,,accept,,
Dudamel,vFPxYVYDmow,3,vFPxYVYDmow(03)__r01,skeletons/Dudamel/vFPxYVYDmow(03)__r01,25.000,155,52,2.08,keep,accept,,,
Dudamel,wCe_j3tAudM,1,wCe_j3tAudM(01)__r00,skeletons/Dudamel/wCe_j3tAudM(01)__r00,29.970,1242,1242,41.44,keep,,accept,,
Dudamel,wCe_j3tAudM,3,wCe_j3tAudM(03)__r00,skeletons/Dudamel/wCe_j3tAudM(03)__r00,29.970,1015,1015,33.87,keep,,accept,,
Dudamel,wCe_j3tAudM,4,wCe_j3tAudM(04)__r00,skeletons/Dudamel/wCe_j3tAudM(04)__r00,29.970,144,144,4.80,keep,,accept,,
Dudamel,wCe_j3tAudM,5,wCe_j3tAudM(05)__r00,skeletons/Dudamel/wCe_j3tAudM(05)__r00,29.970,243,204,6.81,keep,,accept,,
Dudamel,wuve8eKeqKA,41,wuve8eKeqKA(41)__r00,skeletons/Dudamel/wuve8eKeqKA(41)__r00,29.970,278,270,5.24,keep,accept,,,
Dudamel,xhEGMSOIptw,2,xhEGMSOIptw(02)__r00,skeletons/Dudamel/xhEGMSOIptw(02)__r00,25.000,155,146,5.84,keep,,accept,,
Dudamel,yeckyz-GJJk,1,yeckyz-GJJk(01)__r00,skeletons/Dudamel/yeckyz-GJJk(01)__r00,25.000,51,51,2.04,keep,,accept,,
Dudamel,yeckyz-GJJk,5,yeckyz-GJJk(05)__r00,skeletons/Dudamel/yeckyz-GJJk(05)__r00,25.000,74,74,2.96,keep,,accept,,
Dudamel,ynCEvFaJCZg,15,ynCEvFaJCZg(15)__r00,skeletons/Dudamel/ynCEvFaJCZg(15)__r00,25.000,179,179,6.00,keep,,accept,,
Haitink,-B3d1AfBPsw,10,-B3d1AfBPsw(10)__r00,skeletons/Haitink/-B3d1AfBPsw(10)__r00,29.970,84,84,2.80,keep,,accept,,
Haitink,-B3d1AfBPsw,100,-B3d1AfBPsw(100)__r00,skeletons/Haitink/-B3d1AfBPsw(100)__r00,29.970,368,169,2.87,keep,,accept,,
Haitink,-B3d1AfBPsw,103,-B3d1AfBPsw(103)__r00,skeletons/Haitink/-B3d1AfBPsw(103)__r00,29.970,396,395,6.91,keep,,accept,,
Haitink,-B3d1AfBPsw,107,-B3d1AfBPsw(107)__r00,skeletons/Haitink/-B3d1AfBPsw(107)__r00,29.970,86,83,2.77,keep,,accept,,
Haitink,-B3d1AfBPsw,109,-B3d1AfBPsw(109)__r00,skeletons/Haitink/-B3d1AfBPsw(109)__r00,29.970,395,395,13.18,keep,,accept,,
Haitink,-B3d1AfBPsw,113,-B3d1AfBPsw(113)__r00,skeletons/Haitink/-B3d1AfBPsw(113)__r00,29.970,85,80,2.67,keep,,accept,,
Haitink,-B3d1AfBPsw,117,-B3d1AfBPsw(117)__r00,skeletons/Haitink/-B3d1AfBPsw(117)__r00,29.970,164,163,5.44,keep,,accept,,
Haitink,-B3d1AfBPsw,121,-B3d1AfBPsw(121)__r00,skeletons/Haitink/-B3d1AfBPsw(121)__r00,29.970,68,68,2.27,keep,,accept,,
Haitink,-B3d1AfBPsw,121,-B3d1AfBPsw(121)__r01,skeletons/Haitink/-B3d1AfBPsw(121)__r01,29.970,65,65,2.17,keep,,accept,,
Haitink,-B3d1AfBPsw,124,-B3d1AfBPsw(124)__r00,skeletons/Haitink/-B3d1AfBPsw(124)__r00,29.970,277,277,7.61,keep,,accept,,
Haitink,-B3d1AfBPsw,126,-B3d1AfBPsw(126)__r00,skeletons/Haitink/-B3d1AfBPsw(126)__r00,29.970,298,297,9.91,keep,,accept,,
Haitink,-B3d1AfBPsw,128,-B3d1AfBPsw(128)__r00,skeletons/Haitink/-B3d1AfBPsw(128)__r00,29.970,62,62,2.07,keep,,accept,,
Haitink,-B3d1AfBPsw,130,-B3d1AfBPsw(130)__r00,skeletons/Haitink/-B3d1AfBPsw(130)__r00,29.970,154,154,5.14,keep,,accept,,
Haitink,-B3d1AfBPsw,132,-B3d1AfBPsw(132)__r00,skeletons/Haitink/-B3d1AfBPsw(132)__r00,29.970,111,106,3.54,keep,,accept,,
Haitink,-B3d1AfBPsw,137,-B3d1AfBPsw(137)__r00,skeletons/Haitink/-B3d1AfBPsw(137)__r00,29.970,283,262,8.74,keep,,accept,,
Haitink,-B3d1AfBPsw,138,-B3d1AfBPsw(138)__r00,skeletons/Haitink/-B3d1AfBPsw(138)__r00,29.970,76,76,2.54,keep,,accept,,
Haitink,-B3d1AfBPsw,140,-B3d1AfBPsw(140)__r00,skeletons/Haitink/-B3d1AfBPsw(140)__r00,29.970,207,207,6.91,keep,,accept,,
Haitink,-B3d1AfBPsw,15,-B3d1AfBPsw(15)__r01,skeletons/Haitink/-B3d1AfBPsw(15)__r01,29.970,234,233,7.77,keep,,accept,,
Haitink,-B3d1AfBPsw,16,-B3d1AfBPsw(16)__r00,skeletons/Haitink/-B3d1AfBPsw(16)__r00,29.970,120,120,4.00,keep,,accept,,
Haitink,-B3d1AfBPsw,20,-B3d1AfBPsw(20)__r00,skeletons/Haitink/-B3d1AfBPsw(20)__r00,29.970,190,168,5.61,keep,,accept,,
Haitink,-B3d1AfBPsw,21,-B3d1AfBPsw(21)__r00,skeletons/Haitink/-B3d1AfBPsw(21)__r00,29.970,104,82,2.74,keep,,accept,,
Haitink,-B3d1AfBPsw,26,-B3d1AfBPsw(26)__r00,skeletons/Haitink/-B3d1AfBPsw(26)__r00,29.970,86,78,2.60,keep,,accept,,
Haitink,-B3d1AfBPsw,28,-B3d1AfBPsw(28)__r00,skeletons/Haitink/-B3d1AfBPsw(28)__r00,29.970,127,127,4.24,keep,,accept,,
Haitink,-B3d1AfBPsw,31,-B3d1AfBPsw(31)__r00,skeletons/Haitink/-B3d1AfBPsw(31)__r00,29.970,96,96,3.20,keep,,accept,,
Haitink,-B3d1AfBPsw,35,-B3d1AfBPsw(35)__r00,skeletons/Haitink/-B3d1AfBPsw(35)__r00,29.970,165,122,2.40,keep,,accept,,
Haitink,-B3d1AfBPsw,36,-B3d1AfBPsw(36)__r00,skeletons/Haitink/-B3d1AfBPsw(36)__r00,29.970,240,239,7.97,keep,,accept,,
Haitink,-B3d1AfBPsw,40,-B3d1AfBPsw(40)__r00,skeletons/Haitink/-B3d1AfBPsw(40)__r00,29.970,292,101,3.37,keep,,accept,,
Haitink,-B3d1AfBPsw,42,-B3d1AfBPsw(42)__r00,skeletons/Haitink/-B3d1AfBPsw(42)__r00,29.970,105,80,2.67,keep,,accept,,
Haitink,-B3d1AfBPsw,44,-B3d1AfBPsw(44)__r00,skeletons/Haitink/-B3d1AfBPsw(44)__r00,29.970,103,103,3.44,keep,,accept,,
Haitink,-B3d1AfBPsw,45,-B3d1AfBPsw(45)__r00,skeletons/Haitink/-B3d1AfBPsw(45)__r00,29.970,60,60,2.00,keep,,accept,,
Haitink,-B3d1AfBPsw,48,-B3d1AfBPsw(48)__r00,skeletons/Haitink/-B3d1AfBPsw(48)__r00,29.970,131,124,4.14,keep,,accept,,
Haitink,-B3d1AfBPsw,52,-B3d1AfBPsw(52)__r00,skeletons/Haitink/-B3d1AfBPsw(52)__r00,29.970,92,92,3.07,keep,,accept,,
Haitink,-B3d1AfBPsw,65,-B3d1AfBPsw(65)__r00,skeletons/Haitink/-B3d1AfBPsw(65)__r00,29.970,115,115,3.84,keep,,accept,,
Haitink,-B3d1AfBPsw,70,-B3d1AfBPsw(70)__r00,skeletons/Haitink/-B3d1AfBPsw(70)__r00,29.970,151,151,5.04,keep,,accept,,
Haitink,-B3d1AfBPsw,74,-B3d1AfBPsw(74)__r00,skeletons/Haitink/-B3d1AfBPsw(74)__r00,29.970,163,163,5.44,keep,,accept,,
Haitink,-B3d1AfBPsw,76,-B3d1AfBPsw(76)__r00,skeletons/Haitink/-B3d1AfBPsw(76)__r00,29.970,178,178,5.94,keep,,accept,,
Haitink,-B3d1AfBPsw,76,-B3d1AfBPsw(76)__r01,skeletons/Haitink/-B3d1AfBPsw(76)__r01,29.970,165,165,5.51,keep,,accept,,
Haitink,-B3d1AfBPsw,78,-B3d1AfBPsw(78)__r00,skeletons/Haitink/-B3d1AfBPsw(78)__r00,29.970,99,98,3.27,keep,,accept,,
Haitink,-B3d1AfBPsw,85,-B3d1AfBPsw(85)__r01,skeletons/Haitink/-B3d1AfBPsw(85)__r01,29.970,98,92,3.07,keep,,accept,,
Haitink,-B3d1AfBPsw,87,-B3d1AfBPsw(87)__r00,skeletons/Haitink/-B3d1AfBPsw(87)__r00,29.970,116,101,3.37,keep,,accept,,
Haitink,-B3d1AfBPsw,88,-B3d1AfBPsw(88)__r00,skeletons/Haitink/-B3d1AfBPsw(88)__r00,29.970,79,79,2.64,keep,,accept,,
Haitink,-B3d1AfBPsw,89,-B3d1AfBPsw(89)__r00,skeletons/Haitink/-B3d1AfBPsw(89)__r00,29.970,61,60,2.00,keep,,accept,,
Haitink,-B3d1AfBPsw,92,-B3d1AfBPsw(92)__r00,skeletons/Haitink/-B3d1AfBPsw(92)__r00,29.970,124,124,4.14,keep,,accept,,
Haitink,-B3d1AfBPsw,92,-B3d1AfBPsw(92)__r01,skeletons/Haitink/-B3d1AfBPsw(92)__r01,29.970,104,104,3.47,keep,,accept,,
Haitink,-B3d1AfBPsw,96,-B3d1AfBPsw(96)__r00,skeletons/Haitink/-B3d1AfBPsw(96)__r00,29.970,245,221,7.37,keep,,accept,,
Haitink,-B3d1AfBPsw,98,-B3d1AfBPsw(98)__r00,skeletons/Haitink/-B3d1AfBPsw(98)__r00,29.970,293,218,3.27,keep,,accept,,
Haitink,1KSK4a1YHwg,1,1KSK4a1YHwg(01)__r00,skeletons/Haitink/1KSK4a1YHwg(01)__r00,25.000,240,240,9.60,keep,,accept,,
Haitink,1KSK4a1YHwg,2,1KSK4a1YHwg(02)__r00,skeletons/Haitink/1KSK4a1YHwg(02)__r00,25.000,69,69,2.76,keep,,accept,,
Haitink,1KSK4a1YHwg,2,1KSK4a1YHwg(02)__r01,skeletons/Haitink/1KSK4a1YHwg(02)__r01,25.000,313,313,12.52,keep,,accept,,
Haitink,1KSK4a1YHwg,5,1KSK4a1YHwg(05)__r00,skeletons/Haitink/1KSK4a1YHwg(05)__r00,25.000,314,314,12.56,keep,,accept,,
Haitink,1KSK4a1YHwg,6,1KSK4a1YHwg(06)__r00,skeletons/Haitink/1KSK4a1YHwg(06)__r00,25.000,247,247,9.88,keep,,accept,,
Haitink,1KSK4a1YHwg,7,1KSK4a1YHwg(07)__r00,skeletons/Haitink/1KSK4a1YHwg(07)__r00,25.000,204,204,8.16,keep,,accept,,
Haitink,1KSK4a1YHwg,9,1KSK4a1YHwg(09)__r00,skeletons/Haitink/1KSK4a1YHwg(09)__r00,25.000,621,621,24.84,keep,,accept,,
Haitink,1KSK4a1YHwg,10,1KSK4a1YHwg(10)__r00,skeletons/Haitink/1KSK4a1YHwg(10)__r00,25.000,63,63,2.52,keep,,accept,,
Haitink,1KSK4a1YHwg,11,1KSK4a1YHwg(11)__r00,skeletons/Haitink/1KSK4a1YHwg(11)__r00,25.000,91,91,3.64,keep,,accept,,
Haitink,1KSK4a1YHwg,12,1KSK4a1YHwg(12)__r01,skeletons/Haitink/1KSK4a1YHwg(12)__r01,25.000,125,116,3.60,keep,,accept,,
Haitink,1KSK4a1YHwg,13,1KSK4a1YHwg(13)__r01,skeletons/Haitink/1KSK4a1YHwg(13)__r01,25.000,104,104,4.16,keep,,accept,,
Haitink,1KSK4a1YHwg,14,1KSK4a1YHwg(14)__r00,skeletons/Haitink/1KSK4a1YHwg(14)__r00,25.000,213,213,8.52,keep,,accept,,
Haitink,1KSK4a1YHwg,16,1KSK4a1YHwg(16)__r00,skeletons/Haitink/1KSK4a1YHwg(16)__r00,25.000,155,155,6.20,keep,,accept,,
Haitink,1KSK4a1YHwg,17,1KSK4a1YHwg(17)__r00,skeletons/Haitink/1KSK4a1YHwg(17)__r00,25.000,102,102,4.08,keep,,accept,,
Haitink,1KSK4a1YHwg,18,1KSK4a1YHwg(18)__r00,skeletons/Haitink/1KSK4a1YHwg(18)__r00,25.000,190,190,7.60,keep,,accept,,
Haitink,1KSK4a1YHwg,20,1KSK4a1YHwg(20)__r00,skeletons/Haitink/1KSK4a1YHwg(20)__r00,25.000,150,150,6.00,keep,,accept,,
Haitink,1KSK4a1YHwg,21,1KSK4a1YHwg(21)__r00,skeletons/Haitink/1KSK4a1YHwg(21)__r00,25.000,115,115,4.60,keep,,accept,,
Haitink,1KSK4a1YHwg,23,1KSK4a1YHwg(23)__r00,skeletons/Haitink/1KSK4a1YHwg(23)__r00,25.000,250,250,10.00,keep,,accept,,
Haitink,1KSK4a1YHwg,25,1KSK4a1YHwg(25)__r00,skeletons/Haitink/1KSK4a1YHwg(25)__r00,25.000,284,284,11.36,keep,,accept,,
Haitink,1KSK4a1YHwg,26,1KSK4a1YHwg(26)__r00,skeletons/Haitink/1KSK4a1YHwg(26)__r00,25.000,952,915,35.48,keep,,accept,,
Haitink,1KSK4a1YHwg,27,1KSK4a1YHwg(27)__r00,skeletons/Haitink/1KSK4a1YHwg(27)__r00,25.000,271,271,10.84,keep,,accept,,
Haitink,1KSK4a1YHwg,28,1KSK4a1YHwg(28)__r00,skeletons/Haitink/1KSK4a1YHwg(28)__r00,25.000,193,193,7.72,keep,,accept,,
Haitink,1KSK4a1YHwg,30,1KSK4a1YHwg(30)__r00,skeletons/Haitink/1KSK4a1YHwg(30)__r00,25.000,480,480,19.20,keep,,accept,,
Haitink,1KSK4a1YHwg,31,1KSK4a1YHwg(31)__r00,skeletons/Haitink/1KSK4a1YHwg(31)__r00,25.000,549,549,21.96,keep,,accept,,
Haitink,1KSK4a1YHwg,32,1KSK4a1YHwg(32)__r00,skeletons/Haitink/1KSK4a1YHwg(32)__r00,25.000,331,331,13.24,keep,,accept,,
Haitink,1KSK4a1YHwg,33,1KSK4a1YHwg(33)__r00,skeletons/Haitink/1KSK4a1YHwg(33)__r00,25.000,54,54,2.16,keep,,accept,,
Haitink,1KSK4a1YHwg,34,1KSK4a1YHwg(34)__r00,skeletons/Haitink/1KSK4a1YHwg(34)__r00,25.000,85,85,3.40,keep,,accept,,
Haitink,1KSK4a1YHwg,34,1KSK4a1YHwg(34)__r01,skeletons/Haitink/1KSK4a1YHwg(34)__r01,25.000,395,395,15.80,keep,,accept,,
Haitink,1KSK4a1YHwg,35,1KSK4a1YHwg(35)__r00,skeletons/Haitink/1KSK4a1YHwg(35)__r00,25.000,163,163,6.52,keep,,accept,,
Haitink,1KSK4a1YHwg,36,1KSK4a1YHwg(36)__r00,skeletons/Haitink/1KSK4a1YHwg(36)__r00,25.000,58,58,2.32,keep,,accept,,
Haitink,1KSK4a1YHwg,38,1KSK4a1YHwg(38)__r00,skeletons/Haitink/1KSK4a1YHwg(38)__r00,25.000,160,160,6.40,keep,,accept,,
Haitink,1KSK4a1YHwg,39,1KSK4a1YHwg(39)__r00,skeletons/Haitink/1KSK4a1YHwg(39)__r00,25.000,154,154,6.16,keep,,accept,,
Haitink,1KSK4a1YHwg,40,1KSK4a1YHwg(40)__r00,skeletons/Haitink/1KSK4a1YHwg(40)__r00,25.000,398,341,12.64,keep,,accept,,
Haitink,1KSK4a1YHwg,41,1KSK4a1YHwg(41)__r00,skeletons/Haitink/1KSK4a1YHwg(41)__r00,25.000,144,144,5.76,keep,,accept,,
Haitink,1KSK4a1YHwg,43,1KSK4a1YHwg(43)__r00,skeletons/Haitink/1KSK4a1YHwg(43)__r00,25.000,236,231,9.24,keep,,accept,,
Haitink,1KSK4a1YHwg,44,1KSK4a1YHwg(44)__r00,skeletons/Haitink/1KSK4a1YHwg(44)__r00,25.000,172,156,4.96,keep,,accept,,
Haitink,1KSK4a1YHwg,44,1KSK4a1YHwg(44)__r01,skeletons/Haitink/1KSK4a1YHwg(44)__r01,25.000,156,156,6.24,keep,,accept,,
Haitink,1KSK4a1YHwg,46,1KSK4a1YHwg(46)__r00,skeletons/Haitink/1KSK4a1YHwg(46)__r00,25.000,130,130,5.20,keep,,accept,,
Haitink,1KSK4a1YHwg,46,1KSK4a1YHwg(46)__r01,skeletons/Haitink/1KSK4a1YHwg(46)__r01,25.000,155,155,6.20,keep,,accept,,
Haitink,1KSK4a1YHwg,47,1KSK4a1YHwg(47)__r00,skeletons/Haitink/1KSK4a1YHwg(47)__r00,25.000,259,259,10.36,keep,,accept,,
Haitink,1KSK4a1YHwg,48,1KSK4a1YHwg(48)__r00,skeletons/Haitink/1KSK4a1YHwg(48)__r00,25.000,248,248,9.92,keep,,accept,,
Haitink,1KSK4a1YHwg,49,1KSK4a1YHwg(49)__r00,skeletons/Haitink/1KSK4a1YHwg(49)__r00,25.000,443,443,17.72,keep,,accept,,
Haitink,1KSK4a1YHwg,50,1KSK4a1YHwg(50)__r00,skeletons/Haitink/1KSK4a1YHwg(50)__r00,25.000,383,314,9.44,keep,,accept,,
Haitink,1KSK4a1YHwg,51,1KSK4a1YHwg(51)__r00,skeletons/Haitink/1KSK4a1YHwg(51)__r00,25.000,192,192,7.68,keep,,accept,,
Haitink,1KSK4a1YHwg,52,1KSK4a1YHwg(52)__r00,skeletons/Haitink/1KSK4a1YHwg(52)__r00,25.000,205,174,4.20,keep,,accept,,
Haitink,1KSK4a1YHwg,54,1KSK4a1YHwg(54)__r00,skeletons/Haitink/1KSK4a1YHwg(54)__r00,25.000,251,251,10.04,keep,,accept,,
Haitink,1KSK4a1YHwg,55,1KSK4a1YHwg(55)__r00,skeletons/Haitink/1KSK4a1YHwg(55)__r00,25.000,195,195,7.80,keep,,accept,,
Haitink,1KSK4a1YHwg,58,1KSK4a1YHwg(58)__r02,skeletons/Haitink/1KSK4a1YHwg(58)__r02,25.000,118,108,4.32,keep,,accept,,
Haitink,1KSK4a1YHwg,60,1KSK4a1YHwg(60)__r00,skeletons/Haitink/1KSK4a1YHwg(60)__r00,25.000,59,59,2.36,keep,,accept,,
Haitink,1KSK4a1YHwg,62,1KSK4a1YHwg(62)__r00,skeletons/Haitink/1KSK4a1YHwg(62)__r00,25.000,255,254,10.16,keep,,accept,,
Haitink,3MkYv1DMQyI,1,3MkYv1DMQyI(01)__r00,skeletons/Haitink/3MkYv1DMQyI(01)__r00,25.000,315,204,3.40,keep,,accept,,
Haitink,3MkYv1DMQyI,2,3MkYv1DMQyI(02)__r00,skeletons/Haitink/3MkYv1DMQyI(02)__r00,25.000,103,103,4.12,keep,,accept,,
Haitink,3MkYv1DMQyI,3,3MkYv1DMQyI(03)__r00,skeletons/Haitink/3MkYv1DMQyI(03)__r00,25.000,217,217,8.68,keep,,accept,,
Haitink,3MkYv1DMQyI,5,3MkYv1DMQyI(05)__r00,skeletons/Haitink/3MkYv1DMQyI(05)__r00,25.000,77,77,3.08,keep,,accept,,
Haitink,44a2kZ72RzY,1,44a2kZ72RzY(01)__r00,skeletons/Haitink/44a2kZ72RzY(01)__r00,25.000,99,99,3.96,keep,,accept,,
Haitink,44a2kZ72RzY,1,44a2kZ72RzY(01)__r01,skeletons/Haitink/44a2kZ72RzY(01)__r01,25.000,72,64,2.56,keep,,accept,,
Haitink,44a2kZ72RzY,2,44a2kZ72RzY(02)__r01,skeletons/Haitink/44a2kZ72RzY(02)__r01,25.000,111,111,4.44,keep,,accept,,
Haitink,44a2kZ72RzY,3,44a2kZ72RzY(03)__r00,skeletons/Haitink/44a2kZ72RzY(03)__r00,25.000,84,84,3.36,keep,,accept,,
Haitink,44a2kZ72RzY,4,44a2kZ72RzY(04)__r00,skeletons/Haitink/44a2kZ72RzY(04)__r00,25.000,242,169,4.36,keep,,accept,,
Haitink,44a2kZ72RzY,8,44a2kZ72RzY(08)__r00,skeletons/Haitink/44a2kZ72RzY(08)__r00,25.000,84,73,2.92,keep,,accept,,
Haitink,44a2kZ72RzY,8,44a2kZ72RzY(08)__r01,skeletons/Haitink/44a2kZ72RzY(08)__r01,25.000,135,135,5.40,keep,,accept,,
Haitink,44a2kZ72RzY,9,44a2kZ72RzY(09)__r00,skeletons/Haitink/44a2kZ72RzY(09)__r00,25.000,60,60,2.40,keep,,accept,,
Haitink,44a2kZ72RzY,11,44a2kZ72RzY(11)__r01,skeletons/Haitink/44a2kZ72RzY(11)__r01,25.000,784,784,17.08,keep,,accept,,
Haitink,44a2kZ72RzY,12,44a2kZ72RzY(12)__r00,skeletons/Haitink/44a2kZ72RzY(12)__r00,25.000,54,54,2.16,keep,,accept,,
Haitink,44a2kZ72RzY,13,44a2kZ72RzY(13)__r01,skeletons/Haitink/44a2kZ72RzY(13)__r01,25.000,282,282,11.28,keep,,accept,,
Haitink,44a2kZ72RzY,14,44a2kZ72RzY(14)__r00,skeletons/Haitink/44a2kZ72RzY(14)__r00,25.000,521,505,20.20,keep,,accept,,
Haitink,44a2kZ72RzY,18,44a2kZ72RzY(18)__r00,skeletons/Haitink/44a2kZ72RzY(18)__r00,25.000,132,118,4.72,keep,,accept,,
Haitink,44a2kZ72RzY,19,44a2kZ72RzY(19)__r00,skeletons/Haitink/44a2kZ72RzY(19)__r00,25.000,183,183,7.32,keep,,accept,,
Haitink,44a2kZ72RzY,21,44a2kZ72RzY(21)__r00,skeletons/Haitink/44a2kZ72RzY(21)__r00,25.000,193,191,5.60,keep,,accept,,
Haitink,527Z4x-K6-k,17,527Z4x-K6-k(17)__r00,skeletons/Haitink/527Z4x-K6-k(17)__r00,30.000,198,149,2.77,keep,,accept,,
Haitink,527Z4x-K6-k,33,527Z4x-K6-k(33)__r00,skeletons/Haitink/527Z4x-K6-k(33)__r00,30.000,120,120,4.00,keep,,accept,,
Haitink,527Z4x-K6-k,38,527Z4x-K6-k(38)__r00,skeletons/Haitink/527Z4x-K6-k(38)__r00,30.000,1247,1247,41.57,keep,,accept,,
Haitink,527Z4x-K6-k,55,527Z4x-K6-k(55)__r00,skeletons/Haitink/527Z4x-K6-k(55)__r00,30.000,221,221,5.73,keep,,accept,,
Haitink,598bZQ9g0Hs,2,598bZQ9g0Hs(02)__r00,skeletons/Haitink/598bZQ9g0Hs(02)__r00,29.970,334,334,11.14,keep,,accept,,
Haitink,598bZQ9g0Hs,5,598bZQ9g0Hs(05)__r00,skeletons/Haitink/598bZQ9g0Hs(05)__r00,29.970,341,297,6.47,keep,,accept,,
Haitink,598bZQ9g0Hs,9,598bZQ9g0Hs(09)__r00,skeletons/Haitink/598bZQ9g0Hs(09)__r00,29.970,262,243,4.17,keep,,accept,,
Haitink,598bZQ9g0Hs,15,598bZQ9g0Hs(15)__r00,skeletons/Haitink/598bZQ9g0Hs(15)__r00,29.970,1291,1221,20.55,keep,,accept,,
Haitink,598bZQ9g0Hs,27,598bZQ9g0Hs(27)__r00,skeletons/Haitink/598bZQ9g0Hs(27)__r00,29.970,315,259,3.87,keep,,accept,,
Haitink,598bZQ9g0Hs,29,598bZQ9g0Hs(29)__r00,skeletons/Haitink/598bZQ9g0Hs(29)__r00,29.970,162,92,3.07,keep,,accept,,
Haitink,598bZQ9g0Hs,32,598bZQ9g0Hs(32)__r00,skeletons/Haitink/598bZQ9g0Hs(32)__r00,29.970,284,193,6.44,keep,,accept,,
Haitink,598bZQ9g0Hs,42,598bZQ9g0Hs(42)__r00,skeletons/Haitink/598bZQ9g0Hs(42)__r00,29.970,173,173,5.77,keep,,accept,,
Haitink,598bZQ9g0Hs,46,598bZQ9g0Hs(46)__r00,skeletons/Haitink/598bZQ9g0Hs(46)__r00,29.970,71,71,2.37,keep,,accept,,
Haitink,598bZQ9g0Hs,47,598bZQ9g0Hs(47)__r00,skeletons/Haitink/598bZQ9g0Hs(47)__r00,29.970,370,366,7.21,keep,,accept,,
Haitink,598bZQ9g0Hs,48,598bZQ9g0Hs(48)__r00,skeletons/Haitink/598bZQ9g0Hs(48)__r00,29.970,125,118,3.94,keep,,accept,,
Haitink,598bZQ9g0Hs,52,598bZQ9g0Hs(52)__r00,skeletons/Haitink/598bZQ9g0Hs(52)__r00,29.970,213,213,4.34,keep,,accept,,
Haitink,598bZQ9g0Hs,55,598bZQ9g0Hs(55)__r00,skeletons/Haitink/598bZQ9g0Hs(55)__r00,29.970,466,466,12.58,keep,,accept,,
Haitink,598bZQ9g0Hs,59,598bZQ9g0Hs(59)__r01,skeletons/Haitink/598bZQ9g0Hs(59)__r01,29.970,198,189,6.31,keep,,accept,,
Haitink,598bZQ9g0Hs,59,598bZQ9g0Hs(59)__r06,skeletons/Haitink/598bZQ9g0Hs(59)__r06,29.970,303,293,5.77,keep,,accept,,
Haitink,598bZQ9g0Hs,59,598bZQ9g0Hs(59)__r10,skeletons/Haitink/598bZQ9g0Hs(59)__r10,29.970,4333,4183,64.13,keep,,accept,,
Haitink,598bZQ9g0Hs,61,598bZQ9g0Hs(61)__r00,skeletons/Haitink/598bZQ9g0Hs(61)__r00,29.970,728,660,8.71,keep,,accept,,
Haitink,598bZQ9g0Hs,63,598bZQ9g0Hs(63)__r06,skeletons/Haitink/598bZQ9g0Hs(63)__r06,29.970,230,136,3.14,keep,,accept,,
Haitink,598bZQ9g0Hs,66,598bZQ9g0Hs(66)__r01,skeletons/Haitink/598bZQ9g0Hs(66)__r01,29.970,150,150,3.14,keep,,accept,,
Haitink,598bZQ9g0Hs,66,598bZQ9g0Hs(66)__r02,skeletons/Haitink/598bZQ9g0Hs(66)__r02,29.970,263,201,4.84,keep,,accept,,
Haitink,598bZQ9g0Hs,68,598bZQ9g0Hs(68)__r00,skeletons/Haitink/598bZQ9g0Hs(68)__r00,29.970,1042,1031,14.48,keep,,accept,,
Haitink,598bZQ9g0Hs,75,598bZQ9g0Hs(75)__r00,skeletons/Haitink/598bZQ9g0Hs(75)__r00,29.970,203,198,6.61,keep,,accept,,
Haitink,598bZQ9g0Hs,77,598bZQ9g0Hs(77)__r00,skeletons/Haitink/598bZQ9g0Hs(77)__r00,29.970,437,422,14.08,keep,,accept,,
Haitink,598bZQ9g0Hs,78,598bZQ9g0Hs(78)__r00,skeletons/Haitink/598bZQ9g0Hs(78)__r00,29.970,213,213,7.11,keep,,accept,,
Haitink,598bZQ9g0Hs,79,598bZQ9g0Hs(79)__r00,skeletons/Haitink/598bZQ9g0Hs(79)__r00,29.970,476,475,15.85,keep,,accept,,
Haitink,7QLuYj2jxoc,1,7QLuYj2jxoc(01)__r00,skeletons/Haitink/7QLuYj2jxoc(01)__r00,25.000,264,264,10.56,keep,,accept,,
Haitink,7QLuYj2jxoc,2,7QLuYj2jxoc(02)__r00,skeletons/Haitink/7QLuYj2jxoc(02)__r00,25.000,143,143,5.72,keep,,accept,,
Haitink,7QLuYj2jxoc,6,7QLuYj2jxoc(06)__r00,skeletons/Haitink/7QLuYj2jxoc(06)__r00,25.000,95,95,3.80,keep,,accept,,
Haitink,7QLuYj2jxoc,9,7QLuYj2jxoc(09)__r00,skeletons/Haitink/7QLuYj2jxoc(09)__r00,25.000,79,79,3.16,keep,,accept,,
Haitink,7QLuYj2jxoc,10,7QLuYj2jxoc(10)__r00,skeletons/Haitink/7QLuYj2jxoc(10)__r00,25.000,90,90,3.60,keep,,accept,,
Haitink,7QLuYj2jxoc,100,7QLuYj2jxoc(100)__r00,skeletons/Haitink/7QLuYj2jxoc(100)__r00,25.000,157,157,6.28,keep,,accept,,
Haitink,7QLuYj2jxoc,103,7QLuYj2jxoc(103)__r00,skeletons/Haitink/7QLuYj2jxoc(103)__r00,25.000,150,150,6.00,keep,,accept,,
Haitink,7QLuYj2jxoc,104,7QLuYj2jxoc(104)__r00,skeletons/Haitink/7QLuYj2jxoc(104)__r00,25.000,52,52,2.08,keep,,accept,,
Haitink,7QLuYj2jxoc,105,7QLuYj2jxoc(105)__r00,skeletons/Haitink/7QLuYj2jxoc(105)__r00,25.000,50,50,2.00,keep,,accept,,
Haitink,7QLuYj2jxoc,12,7QLuYj2jxoc(12)__r00,skeletons/Haitink/7QLuYj2jxoc(12)__r00,25.000,77,73,2.92,keep,,accept,,
Haitink,7QLuYj2jxoc,13,7QLuYj2jxoc(13)__r00,skeletons/Haitink/7QLuYj2jxoc(13)__r00,25.000,170,170,6.80,keep,,accept,,
Haitink,7QLuYj2jxoc,18,7QLuYj2jxoc(18)__r00,skeletons/Haitink/7QLuYj2jxoc(18)__r00,25.000,103,103,4.12,keep,,accept,,
Haitink,7QLuYj2jxoc,19,7QLuYj2jxoc(19)__r00,skeletons/Haitink/7QLuYj2jxoc(19)__r00,25.000,96,96,3.84,keep,,accept,,
Haitink,7QLuYj2jxoc,21,7QLuYj2jxoc(21)__r00,skeletons/Haitink/7QLuYj2jxoc(21)__r00,25.000,92,92,3.68,keep,,accept,,
Haitink,7QLuYj2jxoc,23,7QLuYj2jxoc(23)__r00,skeletons/Haitink/7QLuYj2jxoc(23)__r00,25.000,181,181,7.24,keep,,accept,,
Haitink,7QLuYj2jxoc,24,7QLuYj2jxoc(24)__r00,skeletons/Haitink/7QLuYj2jxoc(24)__r00,25.000,109,109,4.36,keep,,accept,,
Haitink,7QLuYj2jxoc,25,7QLuYj2jxoc(25)__r00,skeletons/Haitink/7QLuYj2jxoc(25)__r00,25.000,135,135,5.40,keep,,accept,,
Haitink,7QLuYj2jxoc,26,7QLuYj2jxoc(26)__r00,skeletons/Haitink/7QLuYj2jxoc(26)__r00,25.000,177,165,6.60,keep,,accept,,
Haitink,7QLuYj2jxoc,27,7QLuYj2jxoc(27)__r00,skeletons/Haitink/7QLuYj2jxoc(27)__r00,25.000,50,50,2.00,keep,,accept,,
Haitink,7QLuYj2jxoc,31,7QLuYj2jxoc(31)__r00,skeletons/Haitink/7QLuYj2jxoc(31)__r00,25.000,66,66,2.64,keep,,accept,,
Haitink,7QLuYj2jxoc,32,7QLuYj2jxoc(32)__r00,skeletons/Haitink/7QLuYj2jxoc(32)__r00,25.000,59,59,2.36,keep,,accept,,
Haitink,7QLuYj2jxoc,33,7QLuYj2jxoc(33)__r00,skeletons/Haitink/7QLuYj2jxoc(33)__r00,25.000,121,121,4.84,keep,,accept,,
Haitink,7QLuYj2jxoc,35,7QLuYj2jxoc(35)__r00,skeletons/Haitink/7QLuYj2jxoc(35)__r00,25.000,145,145,5.80,keep,,accept,,
Haitink,7QLuYj2jxoc,38,7QLuYj2jxoc(38)__r00,skeletons/Haitink/7QLuYj2jxoc(38)__r00,25.000,150,150,6.00,keep,,accept,,
Haitink,7QLuYj2jxoc,39,7QLuYj2jxoc(39)__r00,skeletons/Haitink/7QLuYj2jxoc(39)__r00,25.000,248,248,9.92,keep,,accept,,
Haitink,7QLuYj2jxoc,41,7QLuYj2jxoc(41)__r00,skeletons/Haitink/7QLuYj2jxoc(41)__r00,25.000,129,129,5.16,keep,,accept,,
Haitink,7QLuYj2jxoc,46,7QLuYj2jxoc(46)__r00,skeletons/Haitink/7QLuYj2jxoc(46)__r00,25.000,118,118,4.72,keep,,accept,,
Haitink,7QLuYj2jxoc,48,7QLuYj2jxoc(48)__r00,skeletons/Haitink/7QLuYj2jxoc(48)__r00,25.000,58,58,2.32,keep,,accept,,
Haitink,7QLuYj2jxoc,51,7QLuYj2jxoc(51)__r00,skeletons/Haitink/7QLuYj2jxoc(51)__r00,25.000,277,255,5.56,keep,,accept,,
Haitink,7QLuYj2jxoc,53,7QLuYj2jxoc(53)__r00,skeletons/Haitink/7QLuYj2jxoc(53)__r00,25.000,287,287,11.48,keep,,accept,,
Haitink,96YRTgqIrec,1,96YRTgqIrec(01)__r00,skeletons/Haitink/96YRTgqIrec(01)__r00,29.970,516,516,17.22,keep,,accept,,
Haitink,96YRTgqIrec,4,96YRTgqIrec(04)__r00,skeletons/Haitink/96YRTgqIrec(04)__r00,29.970,329,300,10.01,keep,,accept,,
Haitink,9zuh_was0RA,2,9zuh_was0RA(02)__r00,skeletons/Haitink/9zuh_was0RA(02)__r00,25.000,161,161,6.44,keep,,accept,,
Haitink,9zuh_was0RA,3,9zuh_was0RA(03)__r00,skeletons/Haitink/9zuh_was0RA(03)__r00,25.000,121,121,4.84,keep,,accept,,
Haitink,9zuh_was0RA,5,9zuh_was0RA(05)__r00,skeletons/Haitink/9zuh_was0RA(05)__r00,25.000,122,122,4.88,keep,,accept,,
Haitink,AkOGt1sFzng,15,AkOGt1sFzng(15)__r02,skeletons/Haitink/AkOGt1sFzng(15)__r02,25.000,102,102,4.08,keep,,accept,,
Haitink,CjnbUmbHO9o,2,CjnbUmbHO9o(02)__r01,skeletons/Haitink/CjnbUmbHO9o(02)__r01,25.000,620,620,24.80,keep,,accept,,
Haitink,CjnbUmbHO9o,3,CjnbUmbHO9o(03)__r00,skeletons/Haitink/CjnbUmbHO9o(03)__r00,25.000,59,59,2.36,keep,,accept,,
Haitink,CjnbUmbHO9o,4,CjnbUmbHO9o(04)__r00,skeletons/Haitink/CjnbUmbHO9o(04)__r00,25.000,218,218,8.72,keep,,accept,,
Haitink,CuY7u6C2Yio,3,CuY7u6C2Yio(03)__r00,skeletons/Haitink/CuY7u6C2Yio(03)__r00,25.000,127,127,5.08,keep,,accept,,
Haitink,F4946WxSNb0,1,F4946WxSNb0(01)__r01,skeletons/Haitink/F4946WxSNb0(01)__r01,25.000,184,139,3.16,keep,,accept,,
Haitink,F4946WxSNb0,3,F4946WxSNb0(03)__r00,skeletons/Haitink/F4946WxSNb0(03)__r00,25.000,310,310,10.36,keep,,accept,,
Haitink,IkuOHW132Vc,2,IkuOHW132Vc(02)__r00,skeletons/Haitink/IkuOHW132Vc(02)__r00,25.000,342,293,11.72,keep,,accept,,
Haitink,IkuOHW132Vc,4,IkuOHW132Vc(04)__r00,skeletons/Haitink/IkuOHW132Vc(04)__r00,25.000,70,70,2.80,keep,,accept,,
Haitink,IkuOHW132Vc,5,IkuOHW132Vc(05)__r00,skeletons/Haitink/IkuOHW132Vc(05)__r00,25.000,288,279,9.92,keep,,accept,,
Haitink,Ividyw_WPv4,1,Ividyw_WPv4(01)__r00,skeletons/Haitink/Ividyw_WPv4(01)__r00,25.000,137,137,5.48,keep,,accept,,
Haitink,Ividyw_WPv4,6,Ividyw_WPv4(06)__r00,skeletons/Haitink/Ividyw_WPv4(06)__r00,25.000,135,135,5.40,keep,,accept,,
Haitink,Ividyw_WPv4,7,Ividyw_WPv4(07)__r00,skeletons/Haitink/Ividyw_WPv4(07)__r00,25.000,252,148,3.16,keep,,accept,,
Haitink,LDBmGj9xxpM,2,LDBmGj9xxpM(02)__r04,skeletons/Haitink/LDBmGj9xxpM(02)__r04,25.000,112,112,4.48,keep,,accept,,
Haitink,N0iZGMXpquQ,1,N0iZGMXpquQ(01)__r00,skeletons/Haitink/N0iZGMXpquQ(01)__r00,25.000,58,58,2.32,keep,,accept,,
Haitink,PZcfc_0tEDY,1,PZcfc_0tEDY(01)__r00,skeletons/Haitink/PZcfc_0tEDY(01)__r00,25.000,454,454,18.16,keep,,accept,,
Haitink,PlvDbgVFbWo,1,PlvDbgVFbWo(01)__r00,skeletons/Haitink/PlvDbgVFbWo(01)__r00,25.000,509,409,9.80,keep,,accept,,
Haitink,PlvDbgVFbWo,1,PlvDbgVFbWo(01)__r02,skeletons/Haitink/PlvDbgVFbWo(01)__r02,25.000,139,55,2.20,keep,,accept,,
Haitink,Q30TBF0H7fQ,1,Q30TBF0H7fQ(01)__r00,skeletons/Haitink/Q30TBF0H7fQ(01)__r00,25.000,411,411,16.44,keep,,accept,,
Haitink,Q30TBF0H7fQ,2,Q30TBF0H7fQ(02)__r00,skeletons/Haitink/Q30TBF0H7fQ(02)__r00,25.000,195,170,6.80,keep,,accept,,
Haitink,Rd0HnxWm5CY,2,Rd0HnxWm5CY(02)__r00,skeletons/Haitink/Rd0HnxWm5CY(02)__r00,25.000,792,792,30.08,keep,,accept,,
Haitink,SRwDdZ7Rlgo,3,SRwDdZ7Rlgo(03)__r00,skeletons/Haitink/SRwDdZ7Rlgo(03)__r00,25.000,713,713,21.04,keep,,accept,,
Haitink,SRwDdZ7Rlgo,4,SRwDdZ7Rlgo(04)__r00,skeletons/Haitink/SRwDdZ7Rlgo(04)__r00,25.000,470,470,18.80,keep,,accept,,
Haitink,Tbtenpm8_Wo,1,Tbtenpm8_Wo(01)__r00,skeletons/Haitink/Tbtenpm8_Wo(01)__r00,25.000,231,224,8.96,keep,,accept,,
Haitink,Tbtenpm8_Wo,2,Tbtenpm8_Wo(02)__r00,skeletons/Haitink/Tbtenpm8_Wo(02)__r00,25.000,152,130,5.20,keep,,accept,,
Haitink,U9I3G_-LVjg,1,U9I3G_-LVjg(01)__r00,skeletons/Haitink/U9I3G_-LVjg(01)__r00,25.000,1406,1406,56.24,keep,,accept,,
Haitink,U9I3G_-LVjg,2,U9I3G_-LVjg(02)__r00,skeletons/Haitink/U9I3G_-LVjg(02)__r00,25.000,756,728,18.36,keep,,accept,,
Haitink,UReOgnWLa4o,1,UReOgnWLa4o(01)__r00,skeletons/Haitink/UReOgnWLa4o(01)__r00,25.000,63,63,2.52,keep,,accept,,
Haitink,UReOgnWLa4o,4,UReOgnWLa4o(04)__r00,skeletons/Haitink/UReOgnWLa4o(04)__r00,25.000,643,611,20.32,keep,,accept,,
Haitink,W2wMuHCYgXU,1,W2wMuHCYgXU(01)__r04,skeletons/Haitink/W2wMuHCYgXU(01)__r04,29.970,1264,1237,16.22,keep,,accept,,
Haitink,YgodumyJ-mQ,5,YgodumyJ-mQ(05)__r00,skeletons/Haitink/YgodumyJ-mQ(05)__r00,23.933,277,277,11.57,keep,,accept,,
Haitink,YmNxqMxZoRk,4,YmNxqMxZoRk(04)__r00,skeletons/Haitink/YmNxqMxZoRk(04)__r00,25.000,159,159,6.36,keep,,accept,,
Haitink,_PuwYeY7DeA,3,_PuwYeY7DeA(03)__r01,skeletons/Haitink/_PuwYeY7DeA(03)__r01,25.000,113,104,4.16,keep,,accept,,
Haitink,aBlOui8r5WM,3,aBlOui8r5WM(03)__r00,skeletons/Haitink/aBlOui8r5WM(03)__r00,25.000,1411,1411,38.64,keep,,accept,,
Haitink,aBlOui8r5WM,10,aBlOui8r5WM(10)__r00,skeletons/Haitink/aBlOui8r5WM(10)__r00,25.000,475,475,19.00,keep,,accept,,
Haitink,aU9vTFk2HFI,6,aU9vTFk2HFI(06)__r00,skeletons/Haitink/aU9vTFk2HFI(06)__r00,25.000,271,271,10.84,keep,,accept,,
Haitink,fe1pB9KqHRg,6,fe1pB9KqHRg(06)__r00,skeletons/Haitink/fe1pB9KqHRg(06)__r00,25.000,123,123,4.92,keep,,accept,,
Haitink,fnoElJ97UeM,2,fnoElJ97UeM(02)__r00,skeletons/Haitink/fnoElJ97UeM(02)__r00,25.000,711,711,28.44,keep,,accept,,
Haitink,hRrGY70LT0w,4,hRrGY70LT0w(04)__r00,skeletons/Haitink/hRrGY70LT0w(04)__r00,25.000,425,425,17.00,keep,,accept,,
Haitink,h_l4ZS3jM8Y,4,h_l4ZS3jM8Y(04)__r00,skeletons/Haitink/h_l4ZS3jM8Y(04)__r00,50.000,298,298,5.96,keep,,accept,,
Haitink,kVOTNntE5R0,1,kVOTNntE5R0(01)__r00,skeletons/Haitink/kVOTNntE5R0(01)__r00,25.000,380,333,7.44,keep,,accept,,
Haitink,kVOTNntE5R0,3,kVOTNntE5R0(03)__r00,skeletons/Haitink/kVOTNntE5R0(03)__r00,25.000,328,178,4.80,keep,,accept,,
Haitink,n_H6abRmQ_o,1,n_H6abRmQ_o(01)__r00,skeletons/Haitink/n_H6abRmQ_o(01)__r00,29.970,4386,4141,71.40,keep,,accept,,
Haitink,n_H6abRmQ_o,5,n_H6abRmQ_o(05)__r00,skeletons/Haitink/n_H6abRmQ_o(05)__r00,29.970,536,517,8.94,keep,,accept,,
Haitink,nqm2YBWZIrE,3,nqm2YBWZIrE(03)__r00,skeletons/Haitink/nqm2YBWZIrE(03)__r00,25.000,144,144,5.76,keep,,accept,,
Haitink,pK_X0QuZuZc,2,pK_X0QuZuZc(02)__r01,skeletons/Haitink/pK_X0QuZuZc(02)__r01,25.000,611,611,24.44,keep,,accept,,
Haitink,pnfhl2TOvUc,1,pnfhl2TOvUc(01)__r00,skeletons/Haitink/pnfhl2TOvUc(01)__r00,29.970,492,492,13.75,keep,,accept,,
Haitink,pnfhl2TOvUc,1,pnfhl2TOvUc(01)__r01,skeletons/Haitink/pnfhl2TOvUc(01)__r01,29.970,157,134,2.90,keep,,accept,,
Haitink,uNKXx9wf8Dg,3,uNKXx9wf8Dg(03)__r00,skeletons/Haitink/uNKXx9wf8Dg(03)__r00,25.000,253,253,10.12,keep,,accept,,
Haitink,uNKXx9wf8Dg,7,uNKXx9wf8Dg(07)__r00,skeletons/Haitink/uNKXx9wf8Dg(07)__r00,25.000,1082,1034,22.64,keep,,accept,,
Haitink,wYVvYtg6gVE,1,wYVvYtg6gVE(01)__r00,skeletons/Haitink/wYVvYtg6gVE(01)__r00,29.970,4074,3983,49.18,keep,,accept,,
Haitink,wYVvYtg6gVE,3,wYVvYtg6gVE(03)__r00,skeletons/Haitink/wYVvYtg6gVE(03)__r00,29.970,334,334,7.94,keep,,accept,,
Haitink,xibznV5yG7Q,2,xibznV5yG7Q(02)__r00,skeletons/Haitink/xibznV5yG7Q(02)__r00,25.000,130,130,5.20,keep,,accept,,
Haitink,z_w5Mholo4M,2,z_w5Mholo4M(02)__r00,skeletons/Haitink/z_w5Mholo4M(02)__r00,25.000,141,141,5.64,keep,,accept,,
Haitink,z_w5Mholo4M,4,z_w5Mholo4M(04)__r00,skeletons/Haitink/z_w5Mholo4M(04)__r00,25.000,222,222,8.88,keep,,accept,,
Mehta,08FxlHVcofc,1,08FxlHVcofc(01)__r00,skeletons/Mehta/08FxlHVcofc(01)__r00,29.970,310,308,5.64,keep,,accept,,
Mehta,08FxlHVcofc,3,08FxlHVcofc(03)__r00,skeletons/Mehta/08FxlHVcofc(03)__r00,29.970,505,501,15.62,keep,,accept,,
Mehta,08FxlHVcofc,6,08FxlHVcofc(06)__r00,skeletons/Mehta/08FxlHVcofc(06)__r00,29.970,60,60,2.00,keep,,accept,,
Mehta,08FxlHVcofc,6,08FxlHVcofc(06)__r01,skeletons/Mehta/08FxlHVcofc(06)__r01,29.970,162,161,5.37,keep,,accept,,
Mehta,1JgpsrQiewE,2,1JgpsrQiewE(02)__r03,skeletons/Mehta/1JgpsrQiewE(02)__r03,29.970,198,131,2.37,keep,,accept,,
Mehta,4oj_2Lmb23A,15,4oj_2Lmb23A(15)__r00,skeletons/Mehta/4oj_2Lmb23A(15)__r00,25.000,81,62,2.48,keep,,accept,,
Mehta,4oj_2Lmb23A,24,4oj_2Lmb23A(24)__r00,skeletons/Mehta/4oj_2Lmb23A(24)__r00,25.000,195,123,4.92,keep,,accept,,
Mehta,56oJRDPF2A0,9,56oJRDPF2A0(09)__r00,skeletons/Mehta/56oJRDPF2A0(09)__r00,25.000,132,132,5.28,keep,,accept,,
Mehta,56oJRDPF2A0,21,56oJRDPF2A0(21)__r00,skeletons/Mehta/56oJRDPF2A0(21)__r00,25.000,152,152,6.08,keep,,accept,,
Mehta,56oJRDPF2A0,23,56oJRDPF2A0(23)__r00,skeletons/Mehta/56oJRDPF2A0(23)__r00,25.000,304,304,12.16,keep,,accept,,
Mehta,56oJRDPF2A0,26,56oJRDPF2A0(26)__r00,skeletons/Mehta/56oJRDPF2A0(26)__r00,25.000,92,92,3.68,keep,,accept,,
Mehta,7lKo6TYDXCQ,1,7lKo6TYDXCQ(01)__r00,skeletons/Mehta/7lKo6TYDXCQ(01)__r00,25.000,131,131,5.24,keep,,accept,,
Mehta,7lKo6TYDXCQ,4,7lKo6TYDXCQ(04)__r00,skeletons/Mehta/7lKo6TYDXCQ(04)__r00,25.000,158,158,6.32,keep,,accept,,
Mehta,7lKo6TYDXCQ,5,7lKo6TYDXCQ(05)__r00,skeletons/Mehta/7lKo6TYDXCQ(05)__r00,25.000,125,125,5.00,keep,,accept,,
Mehta,7lKo6TYDXCQ,6,7lKo6TYDXCQ(06)__r00,skeletons/Mehta/7lKo6TYDXCQ(06)__r00,25.000,107,107,4.28,keep,,accept,,
Mehta,9nvYfmqIbWU,7,9nvYfmqIbWU(07)__r00,skeletons/Mehta/9nvYfmqIbWU(07)__r00,29.970,64,64,2.14,keep,,accept,,
Mehta,9nvYfmqIbWU,17,9nvYfmqIbWU(17)__r00,skeletons/Mehta/9nvYfmqIbWU(17)__r00,29.970,205,205,6.84,keep,,accept,,
Mehta,9nvYfmqIbWU,18,9nvYfmqIbWU(18)__r01,skeletons/Mehta/9nvYfmqIbWU(18)__r01,29.970,128,126,3.07,keep,,accept,,
Mehta,AAu6BRWL8p8,1,AAu6BRWL8p8(01)__r00,skeletons/Mehta/AAu6BRWL8p8(01)__r00,25.000,68,68,2.72,keep,,accept,,
Mehta,AAu6BRWL8p8,3,AAu6BRWL8p8(03)__r00,skeletons/Mehta/AAu6BRWL8p8(03)__r00,25.000,91,91,3.64,keep,,accept,,
Mehta,AAu6BRWL8p8,7,AAu6BRWL8p8(07)__r00,skeletons/Mehta/AAu6BRWL8p8(07)__r00,25.000,176,176,7.04,keep,,accept,,
Mehta,AAu6BRWL8p8,9,AAu6BRWL8p8(09)__r00,skeletons/Mehta/AAu6BRWL8p8(09)__r00,25.000,317,317,12.68,keep,,accept,,
Mehta,AAu6BRWL8p8,13,AAu6BRWL8p8(13)__r00,skeletons/Mehta/AAu6BRWL8p8(13)__r00,25.000,70,70,2.80,keep,,accept,,
Mehta,CvdmVDIzDJQ,1,CvdmVDIzDJQ(01)__r02,skeletons/Mehta/CvdmVDIzDJQ(01)__r02,29.970,569,523,8.84,keep,,accept,,
Mehta,DUh-325JuSw,2,DUh-325JuSw(02)__r00,skeletons/Mehta/DUh-325JuSw(02)__r00,29.970,249,246,8.21,keep,,accept,,
Mehta,DUh-325JuSw,3,DUh-325JuSw(03)__r00,skeletons/Mehta/DUh-325JuSw(03)__r00,29.970,493,493,16.45,keep,,accept,,
Mehta,DUh-325JuSw,11,DUh-325JuSw(11)__r00,skeletons/Mehta/DUh-325JuSw(11)__r00,29.970,148,147,4.90,keep,,accept,,
Mehta,DUh-325JuSw,13,DUh-325JuSw(13)__r00,skeletons/Mehta/DUh-325JuSw(13)__r00,29.970,118,117,3.90,keep,,accept,,
Mehta,DUh-325JuSw,18,DUh-325JuSw(18)__r00,skeletons/Mehta/DUh-325JuSw(18)__r00,29.970,62,62,2.07,keep,,accept,,
Mehta,Eee5aplj4TM,1,Eee5aplj4TM(01)__r00,skeletons/Mehta/Eee5aplj4TM(01)__r00,25.000,105,98,3.92,keep,,accept,,
Mehta,Eft4-z_VNAE,1,Eft4-z_VNAE(01)__r00,skeletons/Mehta/Eft4-z_VNAE(01)__r00,50.000,235,235,4.70,keep,,accept,,
Mehta,Eft4-z_VNAE,2,Eft4-z_VNAE(02)__r00,skeletons/Mehta/Eft4-z_VNAE(02)__r00,50.000,591,591,11.82,keep,,accept,,
Mehta,FMEL6z9Qir8,1,FMEL6z9Qir8(01)__r00,skeletons/Mehta/FMEL6z9Qir8(01)__r00,29.970,80,80,2.67,keep,,accept,,
Mehta,FMEL6z9Qir8,2,FMEL6z9Qir8(02)__r01,skeletons/Mehta/FMEL6z9Qir8(02)__r01,29.970,687,523,4.67,keep,,accept,,
Mehta,FMEL6z9Qir8,4,FMEL6z9Qir8(04)__r00,skeletons/Mehta/FMEL6z9Qir8(04)__r00,29.970,363,363,12.11,keep,,accept,,
Mehta,FMEL6z9Qir8,8,FMEL6z9Qir8(08)__r00,skeletons/Mehta/FMEL6z9Qir8(08)__r00,29.970,98,74,2.47,keep,,accept,,
Mehta,Gfn-C9umBSo,2,Gfn-C9umBSo(02)__r00,skeletons/Mehta/Gfn-C9umBSo(02)__r00,25.000,102,102,4.08,keep,,accept,,
Mehta,Gfn-C9umBSo,3,Gfn-C9umBSo(03)__r00,skeletons/Mehta/Gfn-C9umBSo(03)__r00,25.000,162,162,6.48,keep,,accept,,
Mehta,Gfn-C9umBSo,4,Gfn-C9umBSo(04)__r00,skeletons/Mehta/Gfn-C9umBSo(04)__r00,25.000,69,69,2.76,keep,,accept,,
Mehta,Gfn-C9umBSo,6,Gfn-C9umBSo(06)__r00,skeletons/Mehta/Gfn-C9umBSo(06)__r00,25.000,119,119,4.76,keep,,accept,,
Mehta,Gfn-C9umBSo,7,Gfn-C9umBSo(07)__r00,skeletons/Mehta/Gfn-C9umBSo(07)__r00,25.000,76,76,3.04,keep,,accept,,
Mehta,H2lrKuZKV-Q,1,H2lrKuZKV-Q(01)__r00,skeletons/Mehta/H2lrKuZKV-Q(01)__r00,25.000,264,264,7.68,keep,,accept,,
Mehta,H2lrKuZKV-Q,2,H2lrKuZKV-Q(02)__r00,skeletons/Mehta/H2lrKuZKV-Q(02)__r00,25.000,72,71,2.84,keep,,accept,,
Mehta,H2lrKuZKV-Q,4,H2lrKuZKV-Q(04)__r00,skeletons/Mehta/H2lrKuZKV-Q(04)__r00,25.000,184,183,7.32,keep,,accept,,
Mehta,H2lrKuZKV-Q,8,H2lrKuZKV-Q(08)__r00,skeletons/Mehta/H2lrKuZKV-Q(08)__r00,25.000,365,365,14.60,keep,,accept,,
Mehta,H9a5K1p0QZE,2,H9a5K1p0QZE(02)__r01,skeletons/Mehta/H9a5K1p0QZE(02)__r01,29.970,150,122,4.07,keep,,accept,,
Mehta,H9a5K1p0QZE,2,H9a5K1p0QZE(02)__r02,skeletons/Mehta/H9a5K1p0QZE(02)__r02,29.970,514,370,3.57,keep,,accept,,
Mehta,H9a5K1p0QZE,4,H9a5K1p0QZE(04)__r00,skeletons/Mehta/H9a5K1p0QZE(04)__r00,29.970,363,363,12.11,keep,,accept,,
Mehta,H9a5K1p0QZE,8,H9a5K1p0QZE(08)__r00,skeletons/Mehta/H9a5K1p0QZE(08)__r00,29.970,99,74,2.47,keep,,accept,,
Mehta,H9a5K1p0QZE,10,H9a5K1p0QZE(10)__r01,skeletons/Mehta/H9a5K1p0QZE(10)__r01,29.970,85,85,2.84,keep,,accept,,
Mehta,JzQjeGsfqys,1,JzQjeGsfqys(01)__r00,skeletons/Mehta/JzQjeGsfqys(01)__r00,25.000,383,383,15.32,keep,,accept,,
Mehta,JzQjeGsfqys,2,JzQjeGsfqys(02)__r00,skeletons/Mehta/JzQjeGsfqys(02)__r00,25.000,887,887,35.48,keep,,accept,,
Mehta,JzQjeGsfqys,15,JzQjeGsfqys(15)__r00,skeletons/Mehta/JzQjeGsfqys(15)__r00,25.000,135,135,5.40,keep,,accept,,
Mehta,JzQjeGsfqys,16,JzQjeGsfqys(16)__r00,skeletons/Mehta/JzQjeGsfqys(16)__r00,25.000,64,64,2.56,keep,,accept,,
Mehta,KU_l3E9pC8Y,1,KU_l3E9pC8Y(01)__r00,skeletons/Mehta/KU_l3E9pC8Y(01)__r00,25.000,96,96,3.84,keep,,accept,,
Mehta,KU_l3E9pC8Y,5,KU_l3E9pC8Y(05)__r00,skeletons/Mehta/KU_l3E9pC8Y(05)__r00,25.000,129,127,2.88,keep,,accept,,
Mehta,KU_l3E9pC8Y,9,KU_l3E9pC8Y(09)__r00,skeletons/Mehta/KU_l3E9pC8Y(09)__r00,25.000,83,83,3.32,keep,,accept,,
Mehta,KU_l3E9pC8Y,12,KU_l3E9pC8Y(12)__r00,skeletons/Mehta/KU_l3E9pC8Y(12)__r00,25.000,177,177,7.08,keep,,accept,,
Mehta,KU_l3E9pC8Y,18,KU_l3E9pC8Y(18)__r00,skeletons/Mehta/KU_l3E9pC8Y(18)__r00,25.000,170,150,6.00,keep,,accept,,
Mehta,KbNGklNz8Yk,2,KbNGklNz8Yk(02)__r03,skeletons/Mehta/KbNGklNz8Yk(02)__r03,30.000,136,126,4.20,keep,,accept,,
Mehta,KbNGklNz8Yk,2,KbNGklNz8Yk(02)__r04,skeletons/Mehta/KbNGklNz8Yk(02)__r04,30.000,540,540,18.00,keep,,accept,,
Mehta,KbNGklNz8Yk,4,KbNGklNz8Yk(04)__r00,skeletons/Mehta/KbNGklNz8Yk(04)__r00,30.000,341,341,11.37,keep,,accept,,
Mehta,KbNGklNz8Yk,8,KbNGklNz8Yk(08)__r00,skeletons/Mehta/KbNGklNz8Yk(08)__r00,30.000,393,393,13.10,keep,,accept,,
Mehta,L4PB-Wh3UxA,5,L4PB-Wh3UxA(05)__r00,skeletons/Mehta/L4PB-Wh3UxA(05)__r00,25.000,173,173,6.92,keep,,accept,,
Mehta,L4PB-Wh3UxA,7,L4PB-Wh3UxA(07)__r00,skeletons/Mehta/L4PB-Wh3UxA(07)__r00,25.000,432,263,3.28,keep,,accept,,
Mehta,Lh6mDL-VwYw,1,Lh6mDL-VwYw(01)__r00,skeletons/Mehta/Lh6mDL-VwYw(01)__r00,25.000,129,129,5.16,keep,,accept,,
Mehta,Lh6mDL-VwYw,1,Lh6mDL-VwYw(01)__r01,skeletons/Mehta/Lh6mDL-VwYw(01)__r01,25.000,390,390,15.60,keep,,accept,,
Mehta,Lh6mDL-VwYw,4,Lh6mDL-VwYw(04)__r03,skeletons/Mehta/Lh6mDL-VwYw(04)__r03,25.000,149,149,5.96,keep,,accept,,
Mehta,Lh6mDL-VwYw,11,Lh6mDL-VwYw(11)__r00,skeletons/Mehta/Lh6mDL-VwYw(11)__r00,25.000,212,209,4.64,keep,,accept,,
Mehta,OADquvst_Vc,5,OADquvst_Vc(05)__r00,skeletons/Mehta/OADquvst_Vc(05)__r00,25.000,170,117,3.48,keep,,accept,,
Mehta,O_7cH_AyCXg,1,O_7cH_AyCXg(01)__r00,skeletons/Mehta/O_7cH_AyCXg(01)__r00,29.970,990,990,33.03,keep,,accept,,
Mehta,O_7cH_AyCXg,5,O_7cH_AyCXg(05)__r01,skeletons/Mehta/O_7cH_AyCXg(05)__r01,29.970,205,205,6.84,keep,,accept,,
Mehta,O_7cH_AyCXg,6,O_7cH_AyCXg(06)__r00,skeletons/Mehta/O_7cH_AyCXg(06)__r00,29.970,90,89,2.97,keep,,accept,,
Mehta,OzqBTBXMgpE,1,OzqBTBXMgpE(01)__r00,skeletons/Mehta/OzqBTBXMgpE(01)__r00,25.000,591,493,10.08,keep,,accept,,
Mehta,OzqBTBXMgpE,2,OzqBTBXMgpE(02)__r00,skeletons/Mehta/OzqBTBXMgpE(02)__r00,25.000,173,173,4.56,keep,,accept,,
Mehta,OzqBTBXMgpE,4,OzqBTBXMgpE(04)__r00,skeletons/Mehta/OzqBTBXMgpE(04)__r00,25.000,148,103,4.12,keep,,accept,,
Mehta,QKzF_A1zXzQ,8,QKzF_A1zXzQ(08)__r00,skeletons/Mehta/QKzF_A1zXzQ(08)__r00,25.000,97,97,3.88,keep,,accept,,
Mehta,Rpcqe6XQVvw,10,Rpcqe6XQVvw(10)__r00,skeletons/Mehta/Rpcqe6XQVvw(10)__r00,25.000,104,104,4.16,keep,,accept,,
Mehta,SvyxnUtqlvY,1,SvyxnUtqlvY(01)__r00,skeletons/Mehta/SvyxnUtqlvY(01)__r00,29.970,366,365,12.18,keep,,accept,,
Mehta,SvyxnUtqlvY,2,SvyxnUtqlvY(02)__r00,skeletons/Mehta/SvyxnUtqlvY(02)__r00,29.970,154,154,5.14,keep,,accept,,
Mehta,SvyxnUtqlvY,4,SvyxnUtqlvY(04)__r00,skeletons/Mehta/SvyxnUtqlvY(04)__r00,29.970,204,190,6.34,keep,,accept,,
Mehta,SvyxnUtqlvY,5,SvyxnUtqlvY(05)__r00,skeletons/Mehta/SvyxnUtqlvY(05)__r00,29.970,150,150,5.00,keep,,accept,,
Mehta,SvyxnUtqlvY,6,SvyxnUtqlvY(06)__r00,skeletons/Mehta/SvyxnUtqlvY(06)__r00,29.970,326,326,10.88,keep,,accept,,
Mehta,UIKfvWENCsw,10,UIKfvWENCsw(10)__r00,skeletons/Mehta/UIKfvWENCsw(10)__r00,25.000,210,210,4.76,keep,,accept,,
Mehta,UIKfvWENCsw,10,UIKfvWENCsw(10)__r01,skeletons/Mehta/UIKfvWENCsw(10)__r01,25.000,315,224,4.04,keep,,accept,,
Mehta,UIKfvWENCsw,12,UIKfvWENCsw(12)__r00,skeletons/Mehta/UIKfvWENCsw(12)__r00,25.000,103,86,2.28,keep,,accept,,
Mehta,UIKfvWENCsw,18,UIKfvWENCsw(18)__r00,skeletons/Mehta/UIKfvWENCsw(18)__r00,25.000,173,170,4.40,keep,,accept,,
Mehta,UXGy1bpEAUw,5,UXGy1bpEAUw(05)__r00,skeletons/Mehta/UXGy1bpEAUw(05)__r00,25.000,242,242,9.68,keep,,accept,,
Mehta,UXGy1bpEAUw,7,UXGy1bpEAUw(07)__r00,skeletons/Mehta/UXGy1bpEAUw(07)__r00,25.000,127,127,5.08,keep,,accept,,
Mehta,UXGy1bpEAUw,8,UXGy1bpEAUw(08)__r00,skeletons/Mehta/UXGy1bpEAUw(08)__r00,25.000,79,79,3.16,keep,,accept,,
Mehta,UspFeXsY_9E,1,UspFeXsY_9E(01)__r00,skeletons/Mehta/UspFeXsY_9E(01)__r00,25.000,166,166,6.64,keep,,accept,,
Mehta,UspFeXsY_9E,7,UspFeXsY_9E(07)__r00,skeletons/Mehta/UspFeXsY_9E(07)__r00,25.000,179,179,7.16,keep,,accept,,
Mehta,UspFeXsY_9E,9,UspFeXsY_9E(09)__r00,skeletons/Mehta/UspFeXsY_9E(09)__r00,25.000,391,377,11.68,keep,,accept,,
Mehta,UspFeXsY_9E,10,UspFeXsY_9E(10)__r00,skeletons/Mehta/UspFeXsY_9E(10)__r00,25.000,134,67,2.68,keep,,accept,,
Mehta,UspFeXsY_9E,12,UspFeXsY_9E(12)__r00,skeletons/Mehta/UspFeXsY_9E(12)__r00,25.000,165,165,6.60,keep,,accept,,
Mehta,V2r27Ro1MFQ,8,V2r27Ro1MFQ(08)__r01,skeletons/Mehta/V2r27Ro1MFQ(08)__r01,25.000,172,169,5.08,keep,,accept,,
Mehta,V2r27Ro1MFQ,8,V2r27Ro1MFQ(08)__r02,skeletons/Mehta/V2r27Ro1MFQ(08)__r02,25.000,256,209,4.52,keep,,accept,,
Mehta,W-ygdNFJLgw,3,W-ygdNFJLgw(03)__r00,skeletons/Mehta/W-ygdNFJLgw(03)__r00,25.000,414,414,16.56,keep,,accept,,
Mehta,W-ygdNFJLgw,6,W-ygdNFJLgw(06)__r00,skeletons/Mehta/W-ygdNFJLgw(06)__r00,25.000,53,53,2.12,keep,,accept,,
Mehta,W-ygdNFJLgw,7,W-ygdNFJLgw(07)__r00,skeletons/Mehta/W-ygdNFJLgw(07)__r00,25.000,112,112,4.48,keep,,accept,,
Mehta,W-ygdNFJLgw,8,W-ygdNFJLgw(08)__r00,skeletons/Mehta/W-ygdNFJLgw(08)__r00,25.000,162,162,6.48,keep,,accept,,
Mehta,W-ygdNFJLgw,10,W-ygdNFJLgw(10)__r00,skeletons/Mehta/W-ygdNFJLgw(10)__r00,25.000,347,347,13.88,keep,,accept,,
Mehta,WJpzkMrGLkM,5,WJpzkMrGLkM(05)__r00,skeletons/Mehta/WJpzkMrGLkM(05)__r00,29.970,148,148,2.04,keep,,accept,,
Mehta,WKbByvULxyQ,1,WKbByvULxyQ(01)__r00,skeletons/Mehta/WKbByvULxyQ(01)__r00,25.000,58,58,2.32,keep,,accept,,
Mehta,WKbByvULxyQ,2,WKbByvULxyQ(02)__r00,skeletons/Mehta/WKbByvULxyQ(02)__r00,25.000,139,139,5.56,keep,,accept,,
Mehta,WKbByvULxyQ,3,WKbByvULxyQ(03)__r00,skeletons/Mehta/WKbByvULxyQ(03)__r00,25.000,84,84,3.36,keep,,accept,,
Mehta,WKbByvULxyQ,6,WKbByvULxyQ(06)__r00,skeletons/Mehta/WKbByvULxyQ(06)__r00,25.000,365,365,14.60,keep,,accept,,
Mehta,Wn3BTsUAIyc,6,Wn3BTsUAIyc(06)__r00,skeletons/Mehta/Wn3BTsUAIyc(06)__r00,25.000,76,76,3.04,keep,,accept,,
Mehta,Wn3BTsUAIyc,8,Wn3BTsUAIyc(08)__r00,skeletons/Mehta/Wn3BTsUAIyc(08)__r00,25.000,74,74,2.96,keep,,accept,,
Mehta,Wn3BTsUAIyc,100,Wn3BTsUAIyc(100)__r00,skeletons/Mehta/Wn3BTsUAIyc(100)__r00,25.000,116,116,4.64,keep,,accept,,
Mehta,Wn3BTsUAIyc,103,Wn3BTsUAIyc(103)__r00,skeletons/Mehta/Wn3BTsUAIyc(103)__r00,25.000,90,90,3.60,keep,,accept,,
Mehta,WodoUXIdnwg,4,WodoUXIdnwg(04)__r00,skeletons/Mehta/WodoUXIdnwg(04)__r00,25.000,220,211,8.44,keep,,accept,,
Mehta,WodoUXIdnwg,5,WodoUXIdnwg(05)__r00,skeletons/Mehta/WodoUXIdnwg(05)__r00,25.000,226,193,5.36,keep,,accept,,
Mehta,X94yHgFHv5M,3,X94yHgFHv5M(03)__r00,skeletons/Mehta/X94yHgFHv5M(03)__r00,30.000,125,125,4.17,keep,,accept,,
Mehta,X94yHgFHv5M,3,X94yHgFHv5M(03)__r01,skeletons/Mehta/X94yHgFHv5M(03)__r01,30.000,366,366,12.20,keep,,accept,,
Mehta,X94yHgFHv5M,7,X94yHgFHv5M(07)__r00,skeletons/Mehta/X94yHgFHv5M(07)__r00,30.000,173,171,3.10,keep,,accept,,
Mehta,X94yHgFHv5M,11,X94yHgFHv5M(11)__r00,skeletons/Mehta/X94yHgFHv5M(11)__r00,30.000,111,111,3.70,keep,,accept,,
Mehta,XuucCt-Evjw,1,XuucCt-Evjw(01)__r00,skeletons/Mehta/XuucCt-Evjw(01)__r00,25.000,224,224,8.96,keep,,accept,,
Mehta,XuucCt-Evjw,5,XuucCt-Evjw(05)__r00,skeletons/Mehta/XuucCt-Evjw(05)__r00,25.000,148,148,5.92,keep,,accept,,
Mehta,YCzsO3auqUo,1,YCzsO3auqUo(01)__r00,skeletons/Mehta/YCzsO3auqUo(01)__r00,25.000,135,135,5.40,keep,,accept,,
Mehta,YCzsO3auqUo,2,YCzsO3auqUo(02)__r00,skeletons/Mehta/YCzsO3auqUo(02)__r00,25.000,186,186,7.44,keep,,accept,,
Mehta,YCzsO3auqUo,4,YCzsO3auqUo(04)__r00,skeletons/Mehta/YCzsO3auqUo(04)__r00,25.000,206,206,8.24,keep,,accept,,
Mehta,YCzsO3auqUo,8,YCzsO3auqUo(08)__r00,skeletons/Mehta/YCzsO3auqUo(08)__r00,25.000,189,189,7.56,keep,,accept,,
Mehta,YCzsO3auqUo,12,YCzsO3auqUo(12)__r00,skeletons/Mehta/YCzsO3auqUo(12)__r00,25.000,169,169,6.76,keep,,accept,,
Mehta,Yh3W9BNlLTU,2,Yh3W9BNlLTU(02)__r00,skeletons/Mehta/Yh3W9BNlLTU(02)__r00,29.970,116,116,3.87,keep,,accept,,
Mehta,Yh3W9BNlLTU,7,Yh3W9BNlLTU(07)__r00,skeletons/Mehta/Yh3W9BNlLTU(07)__r00,29.970,114,114,3.80,keep,,accept,,
Mehta,Yh3W9BNlLTU,8,Yh3W9BNlLTU(08)__r00,skeletons/Mehta/Yh3W9BNlLTU(08)__r00,29.970,273,227,3.10,keep,,accept,,
Mehta,Yh3W9BNlLTU,10,Yh3W9BNlLTU(10)__r00,skeletons/Mehta/Yh3W9BNlLTU(10)__r00,29.970,215,202,6.74,keep,,accept,,
Mehta,Yh3W9BNlLTU,12,Yh3W9BNlLTU(12)__r00,skeletons/Mehta/Yh3W9BNlLTU(12)__r00,29.970,197,165,5.51,keep,,accept,,
Mehta,Yki1z2NfO-o,2,Yki1z2NfO-o(02)__r00,skeletons/Mehta/Yki1z2NfO-o(02)__r00,25.000,111,107,2.88,keep,,accept,,
Mehta,Yki1z2NfO-o,3,Yki1z2NfO-o(03)__r00,skeletons/Mehta/Yki1z2NfO-o(03)__r00,25.000,115,87,3.48,keep,,accept,,
Mehta,Yki1z2NfO-o,4,Yki1z2NfO-o(04)__r00,skeletons/Mehta/Yki1z2NfO-o(04)__r00,25.000,214,211,7.32,keep,,accept,,
Mehta,Yki1z2NfO-o,6,Yki1z2NfO-o(06)__r00,skeletons/Mehta/Yki1z2NfO-o(06)__r00,25.000,95,95,3.80,keep,,accept,,
Mehta,Yki1z2NfO-o,8,Yki1z2NfO-o(08)__r00,skeletons/Mehta/Yki1z2NfO-o(08)__r00,25.000,91,91,3.64,keep,,accept,,
Mehta,ZaWb14Nn0Ss,2,ZaWb14Nn0Ss(02)__r00,skeletons/Mehta/ZaWb14Nn0Ss(02)__r00,25.000,116,116,4.64,keep,,accept,,
Mehta,ZaWb14Nn0Ss,5,ZaWb14Nn0Ss(05)__r00,skeletons/Mehta/ZaWb14Nn0Ss(05)__r00,25.000,149,149,5.96,keep,,accept,,
Mehta,ZaWb14Nn0Ss,8,ZaWb14Nn0Ss(08)__r00,skeletons/Mehta/ZaWb14Nn0Ss(08)__r00,25.000,171,144,4.52,keep,,accept,,
Mehta,ZaWb14Nn0Ss,9,ZaWb14Nn0Ss(09)__r00,skeletons/Mehta/ZaWb14Nn0Ss(09)__r00,25.000,52,52,2.08,keep,,accept,,
Mehta,aAdqYAw7wuw,2,aAdqYAw7wuw(02)__r00,skeletons/Mehta/aAdqYAw7wuw(02)__r00,25.000,122,122,4.88,keep,,accept,,
Mehta,aAdqYAw7wuw,4,aAdqYAw7wuw(04)__r00,skeletons/Mehta/aAdqYAw7wuw(04)__r00,25.000,71,71,2.84,keep,,accept,,
Mehta,aAdqYAw7wuw,7,aAdqYAw7wuw(07)__r00,skeletons/Mehta/aAdqYAw7wuw(07)__r00,25.000,53,53,2.12,keep,,accept,,
Mehta,aAdqYAw7wuw,8,aAdqYAw7wuw(08)__r00,skeletons/Mehta/aAdqYAw7wuw(08)__r00,25.000,110,110,4.40,keep,,accept,,
Mehta,aAdqYAw7wuw,8,aAdqYAw7wuw(08)__r04,skeletons/Mehta/aAdqYAw7wuw(08)__r04,25.000,98,98,3.92,keep,,accept,,
Mehta,aCuB6KxXb58,1,aCuB6KxXb58(01)__r00,skeletons/Mehta/aCuB6KxXb58(01)__r00,25.000,175,175,7.00,keep,,accept,,
Mehta,aCuB6KxXb58,6,aCuB6KxXb58(06)__r00,skeletons/Mehta/aCuB6KxXb58(06)__r00,25.000,292,292,5.88,keep,,accept,,
Mehta,aCuB6KxXb58,7,aCuB6KxXb58(07)__r00,skeletons/Mehta/aCuB6KxXb58(07)__r00,25.000,69,69,2.76,keep,,accept,,
Mehta,aCuB6KxXb58,8,aCuB6KxXb58(08)__r00,skeletons/Mehta/aCuB6KxXb58(08)__r00,25.000,199,199,4.20,keep,,accept,,
Mehta,bqXA5UMy1yc,2,bqXA5UMy1yc(02)__r00,skeletons/Mehta/bqXA5UMy1yc(02)__r00,29.970,176,176,5.87,keep,,accept,,
Mehta,bqXA5UMy1yc,3,bqXA5UMy1yc(03)__r00,skeletons/Mehta/bqXA5UMy1yc(03)__r00,29.970,164,123,4.10,keep,,accept,,
Mehta,bqXA5UMy1yc,4,bqXA5UMy1yc(04)__r00,skeletons/Mehta/bqXA5UMy1yc(04)__r00,29.970,186,186,6.21,keep,,accept,,
Mehta,bqXA5UMy1yc,7,bqXA5UMy1yc(07)__r01,skeletons/Mehta/bqXA5UMy1yc(07)__r01,29.970,173,173,5.77,keep,,accept,,
Mehta,bqXA5UMy1yc,8,bqXA5UMy1yc(08)__r00,skeletons/Mehta/bqXA5UMy1yc(08)__r00,29.970,426,379,12.65,keep,,accept,,
Mehta,c5EQ2kT3598,19,c5EQ2kT3598(19)__r00,skeletons/Mehta/c5EQ2kT3598(19)__r00,29.970,243,242,8.07,keep,,accept,,
Mehta,cq8ffOhcLqU,1,cq8ffOhcLqU(01)__r01,skeletons/Mehta/cq8ffOhcLqU(01)__r01,29.970,300,265,8.84,keep,,accept,,
Mehta,cq8ffOhcLqU,2,cq8ffOhcLqU(02)__r00,skeletons/Mehta/cq8ffOhcLqU(02)__r00,29.970,342,342,11.41,keep,,accept,,
Mehta,cq8ffOhcLqU,6,cq8ffOhcLqU(06)__r00,skeletons/Mehta/cq8ffOhcLqU(06)__r00,29.970,410,410,13.68,keep,,accept,,
Mehta,dfhEx-J2cWk,3,dfhEx-J2cWk(03)__r00,skeletons/Mehta/dfhEx-J2cWk(03)__r00,25.000,211,211,8.44,keep,,accept,,
Mehta,dfhEx-J2cWk,5,dfhEx-J2cWk(05)__r00,skeletons/Mehta/dfhEx-J2cWk(05)__r00,25.000,165,165,6.60,keep,,accept,,
Mehta,dfhEx-J2cWk,10,dfhEx-J2cWk(10)__r00,skeletons/Mehta/dfhEx-J2cWk(10)__r00,25.000,53,53,2.12,keep,,accept,,
Mehta,dfhEx-J2cWk,100,dfhEx-J2cWk(100)__r00,skeletons/Mehta/dfhEx-J2cWk(100)__r00,25.000,126,126,5.04,keep,,accept,,
Mehta,dfhEx-J2cWk,106,dfhEx-J2cWk(106)__r00,skeletons/Mehta/dfhEx-J2cWk(106)__r00,25.000,107,107,4.28,keep,,accept,,
Mehta,drRXjgmRgRA,7,drRXjgmRgRA(07)__r00,skeletons/Mehta/drRXjgmRgRA(07)__r00,25.000,179,179,7.16,keep,,accept,,
Mehta,drRXjgmRgRA,8,drRXjgmRgRA(08)__r00,skeletons/Mehta/drRXjgmRgRA(08)__r00,25.000,118,118,4.72,keep,,accept,,
Mehta,drRXjgmRgRA,17,drRXjgmRgRA(17)__r00,skeletons/Mehta/drRXjgmRgRA(17)__r00,25.000,172,172,6.88,keep,,accept,,
Mehta,drRXjgmRgRA,18,drRXjgmRgRA(18)__r00,skeletons/Mehta/drRXjgmRgRA(18)__r00,25.000,210,210,8.40,keep,,accept,,
Mehta,drRXjgmRgRA,23,drRXjgmRgRA(23)__r00,skeletons/Mehta/drRXjgmRgRA(23)__r00,25.000,348,348,13.92,keep,,accept,,
Mehta,eFj9D-Mx31U,1,eFj9D-Mx31U(01)__r00,skeletons/Mehta/eFj9D-Mx31U(01)__r00,25.000,403,403,16.12,keep,,accept,,
Mehta,eFj9D-Mx31U,2,eFj9D-Mx31U(02)__r00,skeletons/Mehta/eFj9D-Mx31U(02)__r00,25.000,240,240,9.60,keep,,accept,,
Mehta,eFj9D-Mx31U,3,eFj9D-Mx31U(03)__r00,skeletons/Mehta/eFj9D-Mx31U(03)__r00,25.000,200,200,8.00,keep,,accept,,
Mehta,eFj9D-Mx31U,5,eFj9D-Mx31U(05)__r00,skeletons/Mehta/eFj9D-Mx31U(05)__r00,25.000,87,87,3.48,keep,,accept,,
Mehta,e_Rrj_byS6o,3,e_Rrj_byS6o(03)__r01,skeletons/Mehta/e_Rrj_byS6o(03)__r01,29.970,287,241,8.04,keep,,accept,,
Mehta,e_Rrj_byS6o,6,e_Rrj_byS6o(06)__r01,skeletons/Mehta/e_Rrj_byS6o(06)__r01,29.970,84,80,2.67,keep,,accept,,
Mehta,fFaXkuc_oks,3,fFaXkuc_oks(03)__r00,skeletons/Mehta/fFaXkuc_oks(03)__r00,25.000,90,90,3.60,keep,,accept,,
Mehta,fFaXkuc_oks,12,fFaXkuc_oks(12)__r00,skeletons/Mehta/fFaXkuc_oks(12)__r00,25.000,52,52,2.08,keep,,accept,,
Mehta,fgTpWMSCqSw,4,fgTpWMSCqSw(04)__r00,skeletons/Mehta/fgTpWMSCqSw(04)__r00,50.000,179,126,2.52,keep,,accept,,
Mehta,fgTpWMSCqSw,6,fgTpWMSCqSw(06)__r00,skeletons/Mehta/fgTpWMSCqSw(06)__r00,50.000,167,111,2.22,keep,,accept,,
Mehta,fgTpWMSCqSw,8,fgTpWMSCqSw(08)__r00,skeletons/Mehta/fgTpWMSCqSw(08)__r00,50.000,207,162,3.24,keep,,accept,,
Mehta,fgTpWMSCqSw,10,fgTpWMSCqSw(10)__r00,skeletons/Mehta/fgTpWMSCqSw(10)__r00,50.000,219,219,4.38,keep,,accept,,
Mehta,hkOWUgXd-pA,3,hkOWUgXd-pA(03)__r00,skeletons/Mehta/hkOWUgXd-pA(03)__r00,25.000,129,129,5.16,keep,,accept,,
Mehta,hkOWUgXd-pA,4,hkOWUgXd-pA(04)__r00,skeletons/Mehta/hkOWUgXd-pA(04)__r00,25.000,70,70,2.80,keep,,accept,,
Mehta,hkOWUgXd-pA,7,hkOWUgXd-pA(07)__r00,skeletons/Mehta/hkOWUgXd-pA(07)__r00,25.000,88,88,3.52,keep,,accept,,
Mehta,iBYW0H7t8M8,5,iBYW0H7t8M8(05)__r00,skeletons/Mehta/iBYW0H7t8M8(05)__r00,29.970,149,149,2.04,keep,,accept,,
Mehta,ikhuN-LcJKc,1,ikhuN-LcJKc(01)__r00,skeletons/Mehta/ikhuN-LcJKc(01)__r00,25.000,288,288,9.24,keep,,accept,,
Mehta,ikhuN-LcJKc,3,ikhuN-LcJKc(03)__r00,skeletons/Mehta/ikhuN-LcJKc(03)__r00,25.000,90,90,3.60,keep,,accept,,
Mehta,ikhuN-LcJKc,4,ikhuN-LcJKc(04)__r00,skeletons/Mehta/ikhuN-LcJKc(04)__r00,25.000,371,371,14.84,keep,,accept,,
Mehta,ikhuN-LcJKc,5,ikhuN-LcJKc(05)__r00,skeletons/Mehta/ikhuN-LcJKc(05)__r00,25.000,67,67,2.68,keep,,accept,,
Mehta,kSOxBGu2Ms0,2,kSOxBGu2Ms0(02)__r00,skeletons/Mehta/kSOxBGu2Ms0(02)__r00,25.000,610,571,6.12,keep,,accept,,
Mehta,kSOxBGu2Ms0,3,kSOxBGu2Ms0(03)__r00,skeletons/Mehta/kSOxBGu2Ms0(03)__r00,25.000,79,79,2.04,keep,,accept,,
Mehta,kSOxBGu2Ms0,4,kSOxBGu2Ms0(04)__r00,skeletons/Mehta/kSOxBGu2Ms0(04)__r00,25.000,302,302,12.08,keep,,accept,,
Mehta,kdnS58uGcow,2,kdnS58uGcow(02)__r00,skeletons/Mehta/kdnS58uGcow(02)__r00,25.000,257,257,10.28,keep,,accept,,
Mehta,kdnS58uGcow,3,kdnS58uGcow(03)__r00,skeletons/Mehta/kdnS58uGcow(03)__r00,25.000,170,170,6.80,keep,,accept,,
Mehta,kdnS58uGcow,4,kdnS58uGcow(04)__r00,skeletons/Mehta/kdnS58uGcow(04)__r00,25.000,128,128,5.12,keep,,accept,,
Mehta,kdnS58uGcow,6,kdnS58uGcow(06)__r00,skeletons/Mehta/kdnS58uGcow(06)__r00,25.000,229,229,9.16,keep,,accept,,
Mehta,leeUj6p5t-c,2,leeUj6p5t-c(02)__r00,skeletons/Mehta/leeUj6p5t-c(02)__r00,25.000,234,234,9.36,keep,,accept,,
Mehta,leeUj6p5t-c,3,leeUj6p5t-c(03)__r00,skeletons/Mehta/leeUj6p5t-c(03)__r00,25.000,90,90,3.60,keep,,accept,,
Mehta,leeUj6p5t-c,4,leeUj6p5t-c(04)__r00,skeletons/Mehta/leeUj6p5t-c(04)__r00,25.000,371,371,14.84,keep,,accept,,
Mehta,leeUj6p5t-c,6,leeUj6p5t-c(06)__r00,skeletons/Mehta/leeUj6p5t-c(06)__r00,25.000,355,355,14.20,keep,,accept,,
Mehta,nBsl7D9i6aM,3,nBsl7D9i6aM(03)__r00,skeletons/Mehta/nBsl7D9i6aM(03)__r00,25.000,119,111,4.44,keep,,accept,,
Mehta,nBsl7D9i6aM,4,nBsl7D9i6aM(04)__r00,skeletons/Mehta/nBsl7D9i6aM(04)__r00,25.000,65,65,2.60,keep,,accept,,
Mehta,nBsl7D9i6aM,4,nBsl7D9i6aM(04)__r01,skeletons/Mehta/nBsl7D9i6aM(04)__r01,25.000,85,85,3.40,keep,,accept,,
Mehta,noZVSgbPtbg,8,noZVSgbPtbg(08)__r00,skeletons/Mehta/noZVSgbPtbg(08)__r00,25.000,97,97,3.88,keep,,accept,,
Mehta,o9Rq5IGen6k,2,o9Rq5IGen6k(02)__r00,skeletons/Mehta/o9Rq5IGen6k(02)__r00,29.953,97,70,2.34,keep,,accept,,
Mehta,o9Rq5IGen6k,2,o9Rq5IGen6k(02)__r01,skeletons/Mehta/o9Rq5IGen6k(02)__r01,29.953,324,298,5.78,keep,,accept,,
Mehta,o9Rq5IGen6k,5,o9Rq5IGen6k(05)__r00,skeletons/Mehta/o9Rq5IGen6k(05)__r00,29.953,96,96,3.21,keep,,accept,,
Mehta,oKOEyJRs91Y,3,oKOEyJRs91Y(03)__r00,skeletons/Mehta/oKOEyJRs91Y(03)__r00,25.000,122,119,3.60,keep,,accept,,
Mehta,oKOEyJRs91Y,8,oKOEyJRs91Y(08)__r00,skeletons/Mehta/oKOEyJRs91Y(08)__r00,25.000,92,92,3.68,keep,,accept,,
Mehta,oKOEyJRs91Y,10,oKOEyJRs91Y(10)__r00,skeletons/Mehta/oKOEyJRs91Y(10)__r00,25.000,63,63,2.52,keep,,accept,,
Mehta,oO58lNdEvnk,4,oO58lNdEvnk(04)__r01,skeletons/Mehta/oO58lNdEvnk(04)__r01,25.000,114,114,4.56,keep,,accept,,
Mehta,oO58lNdEvnk,7,oO58lNdEvnk(07)__r00,skeletons/Mehta/oO58lNdEvnk(07)__r00,25.000,86,86,3.44,keep,,accept,,
Mehta,oO58lNdEvnk,9,oO58lNdEvnk(09)__r00,skeletons/Mehta/oO58lNdEvnk(09)__r00,25.000,145,145,5.80,keep,,accept,,
Mehta,pT4t_kjWBSQ,3,pT4t_kjWBSQ(03)__r01,skeletons/Mehta/pT4t_kjWBSQ(03)__r01,29.970,79,79,2.64,keep,,accept,,
Mehta,pT4t_kjWBSQ,4,pT4t_kjWBSQ(04)__r00,skeletons/Mehta/pT4t_kjWBSQ(04)__r00,29.970,127,78,2.60,keep,,accept,,
Mehta,q5YhuIP_l9Y,1,q5YhuIP_l9Y(01)__r00,skeletons/Mehta/q5YhuIP_l9Y(01)__r00,30.000,371,371,6.90,keep,,accept,,
Mehta,q5YhuIP_l9Y,1,q5YhuIP_l9Y(01)__r01,skeletons/Mehta/q5YhuIP_l9Y(01)__r01,30.000,1396,1325,40.00,keep,,accept,,
Mehta,q5YhuIP_l9Y,4,q5YhuIP_l9Y(04)__r00,skeletons/Mehta/q5YhuIP_l9Y(04)__r00,30.000,1205,1205,40.17,keep,,accept,,
Mehta,q5YhuIP_l9Y,9,q5YhuIP_l9Y(09)__r00,skeletons/Mehta/q5YhuIP_l9Y(09)__r00,30.000,402,401,13.37,keep,,accept,,
Mehta,r5UL3LG8Uh0,11,r5UL3LG8Uh0(11)__r00,skeletons/Mehta/r5UL3LG8Uh0(11)__r00,29.970,233,226,5.97,keep,,accept,,
Mehta,sDxdLuxtuxs,2,sDxdLuxtuxs(02)__r00,skeletons/Mehta/sDxdLuxtuxs(02)__r00,25.000,212,211,8.44,keep,,accept,,
Mehta,sDxdLuxtuxs,6,sDxdLuxtuxs(06)__r00,skeletons/Mehta/sDxdLuxtuxs(06)__r00,25.000,216,187,4.48,keep,,accept,,
Mehta,sDxdLuxtuxs,8,sDxdLuxtuxs(08)__r00,skeletons/Mehta/sDxdLuxtuxs(08)__r00,25.000,157,133,3.40,keep,,accept,,
Mehta,sDxdLuxtuxs,9,sDxdLuxtuxs(09)__r00,skeletons/Mehta/sDxdLuxtuxs(09)__r00,25.000,170,170,6.80,keep,,accept,,
Mehta,uQJdirZabac,2,uQJdirZabac(02)__r00,skeletons/Mehta/uQJdirZabac(02)__r00,25.000,75,75,3.00,keep,,accept,,
Mehta,uQJdirZabac,3,uQJdirZabac(03)__r00,skeletons/Mehta/uQJdirZabac(03)__r00,25.000,126,99,2.88,keep,,accept,,
Mehta,uQJdirZabac,4,uQJdirZabac(04)__r00,skeletons/Mehta/uQJdirZabac(04)__r00,25.000,54,54,2.16,keep,,accept,,
Mehta,uQJdirZabac,8,uQJdirZabac(08)__r00,skeletons/Mehta/uQJdirZabac(08)__r00,25.000,120,120,4.80,keep,,accept,,
Mehta,w5N4WQOkTX4,6,w5N4WQOkTX4(06)__r00,skeletons/Mehta/w5N4WQOkTX4(06)__r00,30.000,82,75,2.50,keep,,accept,,
Mehta,w5N4WQOkTX4,6,w5N4WQOkTX4(06)__r01,skeletons/Mehta/w5N4WQOkTX4(06)__r01,30.000,102,101,3.37,keep,,accept,,
Mehta,w5N4WQOkTX4,8,w5N4WQOkTX4(08)__r00,skeletons/Mehta/w5N4WQOkTX4(08)__r00,30.000,171,171,5.70,keep,,accept,,
Mehta,w5N4WQOkTX4,9,w5N4WQOkTX4(09)__r00,skeletons/Mehta/w5N4WQOkTX4(09)__r00,30.000,129,129,4.30,keep,,accept,,
Mehta,xxYui2Z6uLs,6,xxYui2Z6uLs(06)__r00,skeletons/Mehta/xxYui2Z6uLs(06)__r00,29.970,288,281,5.67,keep,,accept,,
Mehta,xxYui2Z6uLs,10,xxYui2Z6uLs(10)__r01,skeletons/Mehta/xxYui2Z6uLs(10)__r01,29.970,87,60,2.00,keep,,accept,,
Mehta,yeNvVtAPZxE,1,yeNvVtAPZxE(01)__r00,skeletons/Mehta/yeNvVtAPZxE(01)__r00,60.000,434,326,3.63,keep,,accept,,
Mehta,yeNvVtAPZxE,3,yeNvVtAPZxE(03)__r01,skeletons/Mehta/yeNvVtAPZxE(03)__r01,60.000,247,226,2.77,keep,,accept,,
Mehta,yeNvVtAPZxE,6,yeNvVtAPZxE(06)__r00,skeletons/Mehta/yeNvVtAPZxE(06)__r00,60.000,509,367,3.57,keep,,accept,,
Mehta,yeNvVtAPZxE,9,yeNvVtAPZxE(09)__r00,skeletons/Mehta/yeNvVtAPZxE(09)__r00,60.000,487,487,5.20,keep,,accept,,
Mehta,yn3NKDejnEo,1,yn3NKDejnEo(01)__r00,skeletons/Mehta/yn3NKDejnEo(01)__r00,25.000,133,133,5.32,keep,,accept,,
Mehta,yn3NKDejnEo,3,yn3NKDejnEo(03)__r01,skeletons/Mehta/yn3NKDejnEo(03)__r01,25.000,51,51,2.04,keep,,accept,,
